timestamp,index,open,high,low,close,volume
2022-11-23 13:00:00-05:00,1669226400,399.8,399.83,399.55,399.66,628
2022-11-23 13:01:00-05:00,1669226460,399.63,399.79,399.62,399.74,469
2022-11-23 13:02:00-05:00,1669226520,399.77,400.02,399.72,399.97,1422
2022-11-23 13:03:00-05:00,1669226580,399.97,400.07,399.95,400.0,669
2022-11-23 13:04:00-05:00,1669226640,400.01,400.15,400.01,400.11,614
2022-11-23 13:05:00-05:00,1669226700,400.1,400.11,399.98,400.0,565
2022-11-23 13:06:00-05:00,1669226760,400.0,400.14,399.97,400.1,935
2022-11-23 13:07:00-05:00,1669226820,400.1,400.17,400.01,400.12,412
2022-11-23 13:08:00-05:00,1669226880,400.12,400.14,400.01,400.1,229
2022-11-23 13:09:00-05:00,1669226940,400.1,400.16,400.08,400.1,336
2022-11-23 13:10:00-05:00,1669227000,400.1,400.11,399.87,400.01,1069
2022-11-23 13:11:00-05:00,1669227060,400.02,400.09,399.97,400.0,299
2022-11-23 13:12:00-05:00,1669227120,400.0,400.02,399.87,399.98,256
2022-11-23 13:13:00-05:00,1669227180,399.99,400.11,399.94,399.97,550
2022-11-23 13:14:00-05:00,1669227240,399.97,400.02,399.88,399.9,168
2022-11-23 13:15:00-05:00,1669227300,399.9,400.09,399.89,400.01,341
2022-11-23 13:16:00-05:00,1669227360,400.01,400.21,400.01,400.09,721
2022-11-23 13:17:00-05:00,1669227420,400.09,400.19,400.07,400.15,394
2022-11-23 13:18:00-05:00,1669227480,400.15,400.19,400.08,400.13,296
2022-11-23 13:19:00-05:00,1669227540,400.15,400.25,400.12,400.23,432
2022-11-23 13:20:00-05:00,1669227600,400.22,400.34,400.2,400.31,649
2022-11-23 13:21:00-05:00,1669227660,400.31,400.43,400.28,400.28,742
2022-11-23 13:22:00-05:00,1669227720,400.29,400.4,400.21,400.23,583
2022-11-23 13:23:00-05:00,1669227780,400.22,400.39,400.2,400.37,314
2022-11-23 13:24:00-05:00,1669227840,400.38,400.4,400.31,400.37,301
2022-11-23 13:25:00-05:00,1669227900,400.37,400.37,400.29,400.31,321
2022-11-23 13:26:00-05:00,1669227960,400.32,400.37,400.26,400.35,359
2022-11-23 13:27:00-05:00,1669228020,400.33,400.48,400.33,400.4,909
2022-11-23 13:28:00-05:00,1669228080,400.4,400.65,400.39,400.55,949
2022-11-23 13:29:00-05:00,1669228140,400.55,400.65,400.54,400.65,757
2022-11-23 13:30:00-05:00,1669228200,400.66,400.88,400.66,400.78,1484
2022-11-23 13:31:00-05:00,1669228260,400.8,400.88,400.77,400.87,905
2022-11-23 13:32:00-05:00,1669228320,400.88,400.93,400.79,400.82,925
2022-11-23 13:33:00-05:00,1669228380,400.82,400.84,400.71,400.76,949
2022-11-23 13:34:00-05:00,1669228440,400.76,400.86,400.74,400.8,401
2022-11-23 13:35:00-05:00,1669228500,400.81,400.91,400.81,400.82,375
2022-11-23 13:36:00-05:00,1669228560,400.8,400.89,400.79,400.79,221
2022-11-23 13:37:00-05:00,1669228620,400.79,400.93,400.78,400.87,257
2022-11-23 13:38:00-05:00,1669228680,400.86,401.06,400.86,401.02,578
2022-11-23 13:39:00-05:00,1669228740,401.01,401.13,400.97,400.97,775
2022-11-23 13:40:00-05:00,1669228800,400.98,401.03,400.9,400.97,572
2022-11-23 13:41:00-05:00,1669228860,400.97,401.0,400.91,400.99,388
2022-11-23 13:42:00-05:00,1669228920,400.98,401.02,400.92,400.96,512
2022-11-23 13:43:00-05:00,1669228980,400.96,400.97,400.86,400.91,580
2022-11-23 13:44:00-05:00,1669229040,400.91,401.11,400.9,401.07,433
2022-11-23 13:45:00-05:00,1669229100,401.08,401.09,400.99,401.03,587
2022-11-23 13:46:00-05:00,1669229160,401.03,401.07,401.0,401.05,525
2022-11-23 13:47:00-05:00,1669229220,401.06,401.17,401.03,401.15,754
2022-11-23 13:48:00-05:00,1669229280,401.15,401.21,401.1,401.13,516
2022-11-23 13:49:00-05:00,1669229340,401.13,401.13,400.96,400.97,752
2022-11-23 13:50:00-05:00,1669229400,400.96,401.01,400.77,400.81,1105
2022-11-23 13:51:00-05:00,1669229460,400.82,400.91,400.69,400.72,660
2022-11-23 13:52:00-05:00,1669229520,400.73,400.8,400.71,400.75,517
2022-11-23 13:53:00-05:00,1669229580,400.76,400.84,400.73,400.82,533
2022-11-23 13:54:00-05:00,1669229640,400.82,400.82,400.72,400.8,287
2022-11-23 13:55:00-05:00,1669229700,400.79,400.87,400.77,400.82,823
2022-11-23 13:56:00-05:00,1669229760,400.82,400.87,400.82,400.84,864
2022-11-23 13:57:00-05:00,1669229820,400.84,400.87,400.81,400.86,707
2022-11-23 13:58:00-05:00,1669229880,400.86,400.86,400.75,400.8,534
2022-11-23 13:59:00-05:00,1669229940,400.8,400.98,400.79,400.97,668
2022-11-23 14:00:00-05:00,1669230000,400.99,401.7,400.21,400.25,5894
2022-11-23 14:01:00-05:00,1669230060,400.26,401.64,400.22,401.49,3322
2022-11-23 14:02:00-05:00,1669230120,401.47,402.19,401.4,402.11,3385
2022-11-23 14:03:00-05:00,1669230180,402.14,402.8,402.12,402.29,4518
2022-11-23 14:04:00-05:00,1669230240,402.3,402.83,402.26,402.71,3476
2022-11-23 14:05:00-05:00,1669230300,402.75,402.75,402.33,402.46,2402
2022-11-23 14:06:00-05:00,1669230360,402.48,402.57,401.95,402.08,3287
2022-11-23 14:07:00-05:00,1669230420,402.09,402.4,401.74,401.82,3205
2022-11-23 14:08:00-05:00,1669230480,401.82,402.15,401.82,402.0,1675
2022-11-23 14:09:00-05:00,1669230540,402.02,402.35,401.93,402.09,2215
2022-11-23 14:10:00-05:00,1669230600,402.1,402.25,401.8,401.96,1896
2022-11-23 14:11:00-05:00,1669230660,401.95,401.95,401.25,401.49,1884
2022-11-23 14:12:00-05:00,1669230720,401.43,401.91,401.41,401.87,1619
2022-11-23 14:13:00-05:00,1669230780,401.85,401.95,401.67,401.87,1165
2022-11-23 14:14:00-05:00,1669230840,401.85,402.11,401.69,402.01,1460
2022-11-23 14:15:00-05:00,1669230900,402.02,402.27,402.02,402.1,1503
2022-11-23 14:16:00-05:00,1669230960,402.1,402.26,402.0,402.14,808
2022-11-23 14:17:00-05:00,1669231020,402.13,402.19,401.91,401.92,1076
2022-11-23 14:18:00-05:00,1669231080,401.93,402.11,401.9,402.08,1034
2022-11-23 14:19:00-05:00,1669231140,402.07,402.09,401.67,401.82,1098
2022-11-23 14:20:00-05:00,1669231200,401.83,402.11,401.83,401.96,1130
2022-11-23 14:21:00-05:00,1669231260,401.98,402.01,401.66,401.86,838
2022-11-23 14:22:00-05:00,1669231320,401.85,402.14,401.77,402.07,2193
2022-11-23 14:23:00-05:00,1669231380,402.08,402.33,402.04,402.31,1200
2022-11-23 14:24:00-05:00,1669231440,402.3,402.42,402.16,402.39,1345
2022-11-23 14:25:00-05:00,1669231500,402.4,402.49,402.27,402.46,1133
2022-11-23 14:26:00-05:00,1669231560,402.46,402.74,402.46,402.74,1171
2022-11-23 14:27:00-05:00,1669231620,402.74,402.88,402.68,402.77,1422
2022-11-23 14:28:00-05:00,1669231680,402.78,402.82,402.64,402.74,2259
2022-11-23 14:29:00-05:00,1669231740,402.74,402.8,402.32,402.35,1583
2022-11-23 14:30:00-05:00,1669231800,402.35,402.38,401.89,402.07,2983
2022-11-23 14:31:00-05:00,1669231860,402.07,402.08,401.84,401.96,1178
2022-11-23 14:32:00-05:00,1669231920,401.97,402.04,401.87,402.0,1480
2022-11-23 14:33:00-05:00,1669231980,402.01,402.15,401.99,402.13,1331
2022-11-23 14:34:00-05:00,1669232040,402.12,402.18,401.73,401.77,1315
2022-11-23 14:35:00-05:00,1669232100,401.77,401.79,401.39,401.61,1973
2022-11-23 14:36:00-05:00,1669232160,401.61,401.67,401.31,401.32,944
2022-11-23 14:37:00-05:00,1669232220,401.32,401.53,401.26,401.43,1284
2022-11-23 14:38:00-05:00,1669232280,401.43,401.62,401.43,401.46,1180
2022-11-23 14:39:00-05:00,1669232340,401.46,401.49,401.3,401.39,702
2022-11-23 14:40:00-05:00,1669232400,401.39,401.55,401.32,401.45,541
2022-11-23 14:41:00-05:00,1669232460,401.47,401.78,401.47,401.75,1779
2022-11-23 14:42:00-05:00,1669232520,401.75,401.78,401.63,401.73,1194
2022-11-23 14:43:00-05:00,1669232580,401.74,401.82,401.72,401.78,1374
2022-11-23 14:44:00-05:00,1669232640,401.8,402.0,401.75,401.93,1375
2022-11-23 14:45:00-05:00,1669232700,401.92,401.98,401.8,401.91,1027
2022-11-23 14:46:00-05:00,1669232760,401.91,402.0,401.85,401.99,689
2022-11-23 14:47:00-05:00,1669232820,401.98,402.14,401.98,402.09,856
2022-11-23 14:48:00-05:00,1669232880,402.09,402.5,402.09,402.48,2045
2022-11-23 14:49:00-05:00,1669232940,402.47,402.53,402.37,402.38,830
2022-11-23 14:50:00-05:00,1669233000,402.39,402.41,402.21,402.32,1507
2022-11-23 14:51:00-05:00,1669233060,402.35,402.53,402.35,402.49,971
2022-11-23 14:52:00-05:00,1669233120,402.5,402.65,402.45,402.53,1319
2022-11-23 14:53:00-05:00,1669233180,402.52,402.71,402.47,402.55,1612
2022-11-23 14:54:00-05:00,1669233240,402.54,402.62,402.08,402.08,1772
2022-11-23 14:55:00-05:00,1669233300,402.11,402.4,402.08,402.23,2436
2022-11-23 14:56:00-05:00,1669233360,402.23,402.46,402.12,402.27,1304
2022-11-23 14:57:00-05:00,1669233420,402.28,402.39,402.24,402.29,1336
2022-11-23 14:58:00-05:00,1669233480,402.29,402.34,402.17,402.19,1231
2022-11-23 14:59:00-05:00,1669233540,402.19,402.3,402.15,402.2,594
2022-11-23 15:00:00-05:00,1669233600,402.21,402.22,401.88,402.02,1709
2022-11-23 15:01:00-05:00,1669233660,402.0,402.16,401.78,401.94,1173
2022-11-23 15:02:00-05:00,1669233720,401.94,402.21,401.93,402.19,1402
2022-11-23 15:03:00-05:00,1669233780,402.19,402.31,402.11,402.11,1559
2022-11-23 15:04:00-05:00,1669233840,402.12,402.25,402.04,402.22,925
2022-11-23 15:05:00-05:00,1669233900,402.22,402.32,402.18,402.3,702
2022-11-23 15:06:00-05:00,1669233960,402.31,402.5,402.3,402.45,850
2022-11-23 15:07:00-05:00,1669234020,402.45,402.47,402.31,402.38,1607
2022-11-23 15:08:00-05:00,1669234080,402.38,402.52,402.38,402.46,789
2022-11-23 15:09:00-05:00,1669234140,402.46,402.56,402.39,402.44,851
2022-11-23 15:10:00-05:00,1669234200,402.44,402.44,402.18,402.24,888
2022-11-23 15:11:00-05:00,1669234260,402.24,402.44,402.2,402.43,1027
2022-11-23 15:12:00-05:00,1669234320,402.44,402.49,402.38,402.43,1020
2022-11-23 15:13:00-05:00,1669234380,402.44,402.53,402.39,402.47,1018
2022-11-23 15:14:00-05:00,1669234440,402.47,402.5,402.41,402.48,766
2022-11-23 15:15:00-05:00,1669234500,402.47,402.49,402.38,402.45,654
2022-11-23 15:16:00-05:00,1669234560,402.45,402.56,402.37,402.53,701
2022-11-23 15:17:00-05:00,1669234620,402.54,402.82,402.52,402.8,1301
2022-11-23 15:18:00-05:00,1669234680,402.81,402.81,402.68,402.74,1507
2022-11-23 15:19:00-05:00,1669234740,402.74,402.93,402.63,402.81,1898
2022-11-23 15:20:00-05:00,1669234800,402.8,402.87,402.44,402.58,1621
2022-11-23 15:21:00-05:00,1669234860,402.55,402.6,402.31,402.43,1309
2022-11-23 15:22:00-05:00,1669234920,402.42,402.55,402.27,402.49,1286
2022-11-23 15:23:00-05:00,1669234980,402.48,402.65,402.46,402.48,959
2022-11-23 15:24:00-05:00,1669235040,402.49,402.65,402.44,402.61,805
2022-11-23 15:25:00-05:00,1669235100,402.61,402.72,402.53,402.58,762
2022-11-23 15:26:00-05:00,1669235160,402.59,402.67,402.54,402.59,432
2022-11-23 15:27:00-05:00,1669235220,402.59,402.64,402.42,402.48,604
2022-11-23 15:28:00-05:00,1669235280,402.49,402.57,402.48,402.5,513
2022-11-23 15:29:00-05:00,1669235340,402.5,402.54,402.37,402.4,962
2022-11-23 15:30:00-05:00,1669235400,402.4,402.41,402.12,402.27,1615
2022-11-23 15:31:00-05:00,1669235460,402.26,402.26,402.06,402.13,1305
2022-11-23 15:32:00-05:00,1669235520,402.13,402.27,402.13,402.16,1446
2022-11-23 15:33:00-05:00,1669235580,402.17,402.21,402.0,402.04,870
2022-11-23 15:34:00-05:00,1669235640,402.05,402.11,402.0,402.01,840
2022-11-23 15:35:00-05:00,1669235700,402.01,402.07,401.9,401.94,1270
2022-11-23 15:36:00-05:00,1669235760,401.95,402.17,401.9,402.17,1777
2022-11-23 15:37:00-05:00,1669235820,402.17,402.21,402.08,402.13,977
2022-11-23 15:38:00-05:00,1669235880,402.14,402.19,402.11,402.13,773
2022-11-23 15:39:00-05:00,1669235940,402.14,402.27,402.14,402.27,1187
2022-11-23 15:40:00-05:00,1669236000,402.28,402.31,402.12,402.16,939
2022-11-23 15:41:00-05:00,1669236060,402.16,402.16,402.05,402.09,774
2022-11-23 15:42:00-05:00,1669236120,402.08,402.16,402.03,402.16,906
2022-11-23 15:43:00-05:00,1669236180,402.15,402.18,402.02,402.14,1462
2022-11-23 15:44:00-05:00,1669236240,402.14,402.24,402.14,402.19,1226
2022-11-23 15:45:00-05:00,1669236300,402.19,402.2,401.75,401.93,3127
2022-11-23 15:46:00-05:00,1669236360,401.94,402.08,401.79,401.99,1655
2022-11-23 15:47:00-05:00,1669236420,401.98,401.98,401.89,401.94,1905
2022-11-23 15:48:00-05:00,1669236480,401.95,402.04,401.92,401.96,815
2022-11-23 15:49:00-05:00,1669236540,401.96,401.98,401.69,401.81,2679
2022-11-23 15:50:00-05:00,1669236600,401.83,402.19,401.82,402.1,3107
2022-11-23 15:51:00-05:00,1669236660,402.1,402.2,402.03,402.17,1843
2022-11-23 15:52:00-05:00,1669236720,402.17,402.17,402.07,402.13,1585
2022-11-23 15:53:00-05:00,1669236780,402.13,402.25,402.09,402.24,1479
2022-11-23 15:54:00-05:00,1669236840,402.25,402.36,402.08,402.08,3187
2022-11-23 15:55:00-05:00,1669236900,402.08,402.08,401.93,401.94,2942
2022-11-23 15:56:00-05:00,1669236960,401.94,402.12,401.86,402.07,4001
2022-11-23 15:57:00-05:00,1669237020,402.06,402.11,401.91,401.96,3681
2022-11-23 15:58:00-05:00,1669237080,401.96,402.3,401.95,402.28,5819
2022-11-23 15:59:00-05:00,1669237140,402.27,402.43,402.09,402.39,16220
2022-11-25 09:30:00-05:00,1669386600,401.83,402.13,401.82,402.04,2610
2022-11-25 09:31:00-05:00,1669386660,402.05,402.07,401.85,401.98,1419
2022-11-25 09:32:00-05:00,1669386720,401.92,401.99,401.76,401.91,1106
2022-11-25 09:33:00-05:00,1669386780,401.9,401.99,401.7,401.78,961
2022-11-25 09:34:00-05:00,1669386840,401.76,401.77,401.53,401.6,1008
2022-11-25 09:35:00-05:00,1669386900,401.61,401.94,401.55,401.91,1369
2022-11-25 09:36:00-05:00,1669386960,401.9,402.05,401.9,401.98,847
2022-11-25 09:37:00-05:00,1669387020,402.0,402.15,401.97,402.08,956
2022-11-25 09:38:00-05:00,1669387080,402.1,402.25,401.93,402.19,1464
2022-11-25 09:39:00-05:00,1669387140,402.2,402.21,401.91,401.96,845
2022-11-25 09:40:00-05:00,1669387200,401.96,402.12,401.79,401.91,934
2022-11-25 09:41:00-05:00,1669387260,401.94,402.13,401.82,402.09,346
2022-11-25 09:42:00-05:00,1669387320,402.11,402.17,401.98,402.13,507
2022-11-25 09:43:00-05:00,1669387380,402.13,402.22,401.89,401.95,1935
2022-11-25 09:44:00-05:00,1669387440,401.94,402.09,401.82,401.99,771
2022-11-25 09:45:00-05:00,1669387500,401.94,402.1,401.82,402.09,627
2022-11-25 09:46:00-05:00,1669387560,402.09,402.18,401.97,402.03,615
2022-11-25 09:47:00-05:00,1669387620,402.03,402.05,401.91,401.97,436
2022-11-25 09:48:00-05:00,1669387680,401.97,402.07,401.86,401.87,630
2022-11-25 09:49:00-05:00,1669387740,401.88,401.97,401.79,401.81,1128
2022-11-25 09:50:00-05:00,1669387800,401.86,402.04,401.83,401.99,818
2022-11-25 09:51:00-05:00,1669387860,402.02,402.13,401.99,402.05,792
2022-11-25 09:52:00-05:00,1669387920,402.04,402.29,401.99,402.25,628
2022-11-25 09:53:00-05:00,1669387980,402.24,402.33,402.19,402.32,935
2022-11-25 09:54:00-05:00,1669388040,402.31,402.33,402.13,402.13,867
2022-11-25 09:55:00-05:00,1669388100,402.14,402.28,402.06,402.17,926
2022-11-25 09:56:00-05:00,1669388160,402.17,402.4,402.17,402.33,1115
2022-11-25 09:57:00-05:00,1669388220,402.36,402.53,402.34,402.51,1319
2022-11-25 09:58:00-05:00,1669388280,402.51,402.56,402.39,402.46,1071
2022-11-25 09:59:00-05:00,1669388340,402.42,402.47,402.32,402.44,481
2022-11-25 10:00:00-05:00,1669388400,402.44,402.52,402.28,402.35,625
2022-11-25 10:01:00-05:00,1669388460,402.36,402.58,402.34,402.55,757
2022-11-25 10:02:00-05:00,1669388520,402.54,402.61,402.45,402.46,700
2022-11-25 10:03:00-05:00,1669388580,402.44,402.6,402.41,402.58,686
2022-11-25 10:04:00-05:00,1669388640,402.59,402.64,402.56,402.58,812
2022-11-25 10:05:00-05:00,1669388700,402.58,402.69,402.53,402.57,1259
2022-11-25 10:06:00-05:00,1669388760,402.56,402.68,402.56,402.59,1301
2022-11-25 10:07:00-05:00,1669388820,402.6,402.62,402.51,402.59,735
2022-11-25 10:08:00-05:00,1669388880,402.59,402.6,402.48,402.54,1034
2022-11-25 10:09:00-05:00,1669388940,402.53,402.62,402.44,402.6,1651
2022-11-25 10:10:00-05:00,1669389000,402.6,402.69,402.51,402.52,939
2022-11-25 10:11:00-05:00,1669389060,402.51,402.59,402.35,402.59,693
2022-11-25 10:12:00-05:00,1669389120,402.6,402.68,402.54,402.57,700
2022-11-25 10:13:00-05:00,1669389180,402.57,402.62,402.43,402.45,687
2022-11-25 10:14:00-05:00,1669389240,402.45,402.52,402.42,402.5,228
2022-11-25 10:15:00-05:00,1669389300,402.53,402.56,402.48,402.51,315
2022-11-25 10:16:00-05:00,1669389360,402.52,402.6,402.51,402.58,586
2022-11-25 10:17:00-05:00,1669389420,402.59,402.77,402.58,402.76,1603
2022-11-25 10:18:00-05:00,1669389480,402.77,402.78,402.59,402.68,644
2022-11-25 10:19:00-05:00,1669389540,402.69,402.7,402.57,402.6,438
2022-11-25 10:20:00-05:00,1669389600,402.59,402.61,402.53,402.56,569
2022-11-25 10:21:00-05:00,1669389660,402.57,402.69,402.52,402.68,286
2022-11-25 10:22:00-05:00,1669389720,402.68,402.77,402.65,402.66,1485
2022-11-25 10:23:00-05:00,1669389780,402.67,402.71,402.51,402.56,595
2022-11-25 10:24:00-05:00,1669389840,402.56,402.62,402.53,402.56,396
2022-11-25 10:25:00-05:00,1669389900,402.54,402.66,402.52,402.66,590
2022-11-25 10:26:00-05:00,1669389960,402.64,402.72,402.45,402.49,788
2022-11-25 10:27:00-05:00,1669390020,402.48,402.56,402.45,402.48,287
2022-11-25 10:28:00-05:00,1669390080,402.48,402.5,402.41,402.47,369
2022-11-25 10:29:00-05:00,1669390140,402.48,402.56,402.47,402.5,316
2022-11-25 10:30:00-05:00,1669390200,402.49,402.62,402.42,402.58,545
2022-11-25 10:31:00-05:00,1669390260,402.59,402.61,402.45,402.54,1644
2022-11-25 10:32:00-05:00,1669390320,402.54,402.54,402.34,402.42,638
2022-11-25 10:33:00-05:00,1669390380,402.42,402.51,402.37,402.51,613
2022-11-25 10:34:00-05:00,1669390440,402.5,402.57,402.43,402.52,521
2022-11-25 10:35:00-05:00,1669390500,402.51,402.66,402.49,402.59,650
2022-11-25 10:36:00-05:00,1669390560,402.58,402.59,402.45,402.5,771
2022-11-25 10:37:00-05:00,1669390620,402.51,402.53,402.43,402.49,299
2022-11-25 10:38:00-05:00,1669390680,402.49,402.52,402.33,402.34,713
2022-11-25 10:39:00-05:00,1669390740,402.34,402.48,402.33,402.41,449
2022-11-25 10:40:00-05:00,1669390800,402.43,402.52,402.41,402.52,322
2022-11-25 10:41:00-05:00,1669390860,402.48,402.52,402.41,402.42,576
2022-11-25 10:42:00-05:00,1669390920,402.43,402.45,402.33,402.39,345
2022-11-25 10:43:00-05:00,1669390980,402.38,402.53,402.38,402.53,706
2022-11-25 10:44:00-05:00,1669391040,402.53,402.55,402.43,402.47,567
2022-11-25 10:45:00-05:00,1669391100,402.48,402.55,402.44,402.48,431
2022-11-25 10:46:00-05:00,1669391160,402.49,402.5,402.39,402.42,966
2022-11-25 10:47:00-05:00,1669391220,402.42,402.49,402.42,402.49,217
2022-11-25 10:48:00-05:00,1669391280,402.49,402.67,402.47,402.65,393
2022-11-25 10:49:00-05:00,1669391340,402.65,402.72,402.59,402.65,600
2022-11-25 10:50:00-05:00,1669391400,402.64,402.67,402.52,402.54,454
2022-11-25 10:51:00-05:00,1669391460,402.52,402.58,402.43,402.55,372
2022-11-25 10:52:00-05:00,1669391520,402.54,402.65,402.52,402.6,458
2022-11-25 10:53:00-05:00,1669391580,402.59,402.69,402.59,402.65,419
2022-11-25 10:54:00-05:00,1669391640,402.65,402.68,402.6,402.64,303
2022-11-25 10:55:00-05:00,1669391700,402.65,402.66,402.57,402.62,585
2022-11-25 10:56:00-05:00,1669391760,402.63,402.67,402.56,402.63,374
2022-11-25 10:57:00-05:00,1669391820,402.64,402.7,402.63,402.66,476
2022-11-25 10:58:00-05:00,1669391880,402.65,402.66,402.59,402.61,330
2022-11-25 10:59:00-05:00,1669391940,402.63,402.67,402.57,402.62,348
2022-11-25 11:00:00-05:00,1669392000,402.62,402.69,402.5,402.55,329
2022-11-25 11:01:00-05:00,1669392060,402.55,402.57,402.49,402.56,242
2022-11-25 11:02:00-05:00,1669392120,402.57,402.74,402.57,402.74,630
2022-11-25 11:03:00-05:00,1669392180,402.74,402.78,402.69,402.78,629
2022-11-25 11:04:00-05:00,1669392240,402.77,402.91,402.73,402.75,915
2022-11-25 11:05:00-05:00,1669392300,402.76,402.89,402.72,402.84,595
2022-11-25 11:06:00-05:00,1669392360,402.84,402.9,402.81,402.89,1054
2022-11-25 11:07:00-05:00,1669392420,402.89,402.89,402.74,402.79,256
2022-11-25 11:08:00-05:00,1669392480,402.8,402.86,402.76,402.76,343
2022-11-25 11:09:00-05:00,1669392540,402.77,402.82,402.73,402.78,188
2022-11-25 11:10:00-05:00,1669392600,402.78,402.83,402.68,402.73,341
2022-11-25 11:11:00-05:00,1669392660,402.74,402.75,402.6,402.61,799
2022-11-25 11:12:00-05:00,1669392720,402.61,402.66,402.53,402.63,642
2022-11-25 11:13:00-05:00,1669392780,402.61,402.62,402.54,402.56,268
2022-11-25 11:14:00-05:00,1669392840,402.56,402.58,402.51,402.54,729
2022-11-25 11:15:00-05:00,1669392900,402.54,402.59,402.52,402.55,419
2022-11-25 11:16:00-05:00,1669392960,402.55,402.57,402.45,402.49,390
2022-11-25 11:17:00-05:00,1669393020,402.5,402.56,402.44,402.55,420
2022-11-25 11:18:00-05:00,1669393080,402.54,402.58,402.5,402.55,467
2022-11-25 11:19:00-05:00,1669393140,402.56,402.64,402.56,402.58,591
2022-11-25 11:20:00-05:00,1669393200,402.59,402.63,402.51,402.52,502
2022-11-25 11:21:00-05:00,1669393260,402.52,402.57,402.47,402.49,338
2022-11-25 11:22:00-05:00,1669393320,402.49,402.59,402.44,402.56,485
2022-11-25 11:23:00-05:00,1669393380,402.56,402.64,402.49,402.49,566
2022-11-25 11:24:00-05:00,1669393440,402.5,402.59,402.46,402.49,540
2022-11-25 11:25:00-05:00,1669393500,402.5,402.52,402.38,402.52,666
2022-11-25 11:26:00-05:00,1669393560,402.52,402.56,402.41,402.41,539
2022-11-25 11:27:00-05:00,1669393620,402.42,402.49,402.4,402.46,1315
2022-11-25 11:28:00-05:00,1669393680,402.45,402.46,402.18,402.2,1680
2022-11-25 11:29:00-05:00,1669393740,402.21,402.34,402.2,402.28,477
2022-11-25 11:30:00-05:00,1669393800,402.29,402.33,402.15,402.22,873
2022-11-25 11:31:00-05:00,1669393860,402.21,402.25,402.11,402.13,708
2022-11-25 11:32:00-05:00,1669393920,402.13,402.15,402.06,402.08,423
2022-11-25 11:33:00-05:00,1669393980,402.07,402.14,401.98,402.08,1623
2022-11-25 11:34:00-05:00,1669394040,402.1,402.24,402.08,402.19,1255
2022-11-25 11:35:00-05:00,1669394100,402.21,402.25,402.16,402.22,981
2022-11-25 11:36:00-05:00,1669394160,402.21,402.27,402.21,402.25,475
2022-11-25 11:37:00-05:00,1669394220,402.25,402.34,402.25,402.33,796
2022-11-25 11:38:00-05:00,1669394280,402.33,402.36,402.31,402.31,564
2022-11-25 11:39:00-05:00,1669394340,402.32,402.35,402.27,402.32,504
2022-11-25 11:40:00-05:00,1669394400,402.34,402.35,402.25,402.26,289
2022-11-25 11:41:00-05:00,1669394460,402.27,402.34,402.22,402.25,702
2022-11-25 11:42:00-05:00,1669394520,402.25,402.34,402.21,402.31,411
2022-11-25 11:43:00-05:00,1669394580,402.32,402.35,402.27,402.33,432
2022-11-25 11:44:00-05:00,1669394640,402.33,402.44,402.32,402.44,435
2022-11-25 11:45:00-05:00,1669394700,402.43,402.51,402.38,402.5,482
2022-11-25 11:46:00-05:00,1669394760,402.5,402.55,402.45,402.47,655
2022-11-25 11:47:00-05:00,1669394820,402.46,402.51,402.4,402.49,396
2022-11-25 11:48:00-05:00,1669394880,402.49,402.52,402.48,402.49,334
2022-11-25 11:49:00-05:00,1669394940,402.49,402.5,402.45,402.49,302
2022-11-25 11:50:00-05:00,1669395000,402.49,402.56,402.48,402.49,729
2022-11-25 11:51:00-05:00,1669395060,402.49,402.53,402.46,402.51,425
2022-11-25 11:52:00-05:00,1669395120,402.5,402.54,402.44,402.53,405
2022-11-25 11:53:00-05:00,1669395180,402.53,402.56,402.5,402.53,256
2022-11-25 11:54:00-05:00,1669395240,402.53,402.58,402.49,402.54,376
2022-11-25 11:55:00-05:00,1669395300,402.54,402.56,402.46,402.51,321
2022-11-25 11:56:00-05:00,1669395360,402.52,402.52,402.43,402.46,304
2022-11-25 11:57:00-05:00,1669395420,402.47,402.56,402.45,402.56,617
2022-11-25 11:58:00-05:00,1669395480,402.56,402.61,402.5,402.55,564
2022-11-25 11:59:00-05:00,1669395540,402.54,402.57,402.44,402.48,533
2022-11-25 12:00:00-05:00,1669395600,402.47,402.5,402.41,402.44,908
2022-11-25 12:01:00-05:00,1669395660,402.44,402.51,402.38,402.43,495
2022-11-25 12:02:00-05:00,1669395720,402.44,402.49,402.39,402.48,406
2022-11-25 12:03:00-05:00,1669395780,402.47,402.51,402.41,402.43,579
2022-11-25 12:04:00-05:00,1669395840,402.44,402.47,402.3,402.31,370
2022-11-25 12:05:00-05:00,1669395900,402.3,402.35,402.25,402.26,459
2022-11-25 12:06:00-05:00,1669395960,402.26,402.48,402.25,402.47,1322
2022-11-25 12:07:00-05:00,1669396020,402.47,402.47,402.36,402.42,830
2022-11-25 12:08:00-05:00,1669396080,402.41,402.41,402.2,402.23,640
2022-11-25 12:09:00-05:00,1669396140,402.23,402.31,402.22,402.28,418
2022-11-25 12:10:00-05:00,1669396200,402.28,402.39,402.23,402.26,366
2022-11-25 12:11:00-05:00,1669396260,402.27,402.34,402.25,402.31,208
2022-11-25 12:12:00-05:00,1669396320,402.31,402.36,402.28,402.3,230
2022-11-25 12:13:00-05:00,1669396380,402.3,402.41,402.28,402.38,252
2022-11-25 12:14:00-05:00,1669396440,402.38,402.43,402.32,402.32,352
2022-11-25 12:15:00-05:00,1669396500,402.33,402.37,402.26,402.37,433
2022-11-25 12:16:00-05:00,1669396560,402.36,402.36,402.31,402.33,234
2022-11-25 12:17:00-05:00,1669396620,402.28,402.31,402.26,402.27,296
2022-11-25 12:18:00-05:00,1669396680,402.27,402.32,402.26,402.31,1200
2022-11-25 12:19:00-05:00,1669396740,402.31,402.42,402.31,402.36,711
2022-11-25 12:20:00-05:00,1669396800,402.37,402.4,402.31,402.34,390
2022-11-25 12:21:00-05:00,1669396860,402.34,402.37,402.3,402.31,320
2022-11-25 12:22:00-05:00,1669396920,402.31,402.37,402.29,402.37,312
2022-11-25 12:23:00-05:00,1669396980,402.36,402.39,402.32,402.37,809
2022-11-25 12:24:00-05:00,1669397040,402.37,402.41,402.36,402.38,300
2022-11-25 12:25:00-05:00,1669397100,402.38,402.55,402.38,402.53,1012
2022-11-25 12:26:00-05:00,1669397160,402.54,402.59,402.49,402.55,502
2022-11-25 12:27:00-05:00,1669397220,402.55,402.57,402.49,402.55,358
2022-11-25 12:28:00-05:00,1669397280,402.55,402.57,402.44,402.46,519
2022-11-25 12:29:00-05:00,1669397340,402.47,402.54,402.45,402.52,615
2022-11-25 12:30:00-05:00,1669397400,402.54,402.55,402.44,402.5,884
2022-11-25 12:31:00-05:00,1669397460,402.5,402.52,402.46,402.47,433
2022-11-25 12:32:00-05:00,1669397520,402.46,402.5,402.45,402.48,301
2022-11-25 12:33:00-05:00,1669397580,402.48,402.49,402.21,402.24,580
2022-11-25 12:34:00-05:00,1669397640,402.23,402.27,402.18,402.19,675
2022-11-25 12:35:00-05:00,1669397700,402.19,402.2,402.08,402.16,946
2022-11-25 12:36:00-05:00,1669397760,402.17,402.22,402.13,402.19,802
2022-11-25 12:37:00-05:00,1669397820,402.19,402.32,402.16,402.29,1141
2022-11-25 12:38:00-05:00,1669397880,402.29,402.36,402.25,402.28,448
2022-11-25 12:39:00-05:00,1669397940,402.27,402.31,402.23,402.25,406
2022-11-25 12:40:00-05:00,1669398000,402.25,402.3,402.24,402.28,328
2022-11-25 12:41:00-05:00,1669398060,402.28,402.28,402.21,402.22,460
2022-11-25 12:42:00-05:00,1669398120,402.22,402.24,402.08,402.18,907
2022-11-25 12:43:00-05:00,1669398180,402.18,402.19,402.09,402.15,505
2022-11-25 12:44:00-05:00,1669398240,402.15,402.16,402.1,402.14,257
2022-11-25 12:45:00-05:00,1669398300,402.14,402.16,402.01,402.11,681
2022-11-25 12:46:00-05:00,1669398360,402.11,402.15,402.04,402.06,889
2022-11-25 12:47:00-05:00,1669398420,402.06,402.12,401.98,401.99,1248
2022-11-25 12:48:00-05:00,1669398480,402.0,402.05,401.96,401.97,618
2022-11-25 12:49:00-05:00,1669398540,401.98,402.02,401.86,401.89,1098
2022-11-25 12:50:00-05:00,1669398600,401.88,402.16,401.87,402.13,2532
2022-11-25 12:51:00-05:00,1669398660,402.13,402.16,401.93,402.05,1959
2022-11-25 12:52:00-05:00,1669398720,402.04,402.14,402.0,402.05,2345
2022-11-25 12:53:00-05:00,1669398780,402.05,402.12,402.02,402.06,1532
2022-11-25 12:54:00-05:00,1669398840,402.1,402.16,402.04,402.06,1984
2022-11-25 12:55:00-05:00,1669398900,402.05,402.06,401.88,401.92,3117
2022-11-25 12:56:00-05:00,1669398960,401.92,401.93,401.84,401.88,1933
2022-11-25 12:57:00-05:00,1669399020,401.88,402.09,401.86,401.99,2067
2022-11-25 12:58:00-05:00,1669399080,402.0,402.11,401.98,402.11,2393
2022-11-25 12:59:00-05:00,1669399140,402.11,402.3,402.02,402.26,6858
