time, fast, fast1, slow, tLine, macd, signalLine, longBool, shortBool, longFlag, shortFlag, enterFlag, entryFlag, exitFlag, askPrice, bidPrice, lastPrice, midPrice, portfolioValue, positionValue, cash 
1668783600.011506, 395.96, 395.98, 395.27, 395.87, 0.26, 0.37, False, False, False, False, False, False, False, False, False, 1668720660.011506, 395.82, 395.82, 395.82, 395.82, 395.82, 395.99, 395.24, 395.34, 2100, 0, 100000.0, 0.0, 100000.0
1668783660.011506, 395.82, 395.89, 395.25, 395.65, 0.2, 0.34, False, False, False, False, False, False, False, False, False, 1668720660.011506, 395.35, 395.35, 395.35, 395.35, 395.35, 395.58, 395.29, 395.36, 3754, 0, 100000.0, 0.0, 100000.0
1668783720.011506, 395.73, 395.79, 395.25, 395.54, 0.13, 0.3, False, False, False, False, False, False, False, False, False, 1668720660.011506, 395.35, 395.35, 395.35, 395.35, 395.35, 395.49, 395.09, 395.18, 1929, 0, 100000.0, 0.0, 100000.0
1668783780.011506, 395.6, 395.67, 395.22, 395.39, 0.06, 0.25, False, False, False, False, False, False, False, False, False, 1668720660.011506, 395.18, 395.18, 395.18, 395.18, 395.18, 395.24, 394.88, 394.95, 3016, 0, 100000.0, 0.0, 100000.0
1668783840.011506, 395.5, 395.58, 395.2, 395.29, 0.0, 0.2, False, False, False, False, False, False, False, False, False, 1668720660.011506, 394.97, 394.97, 394.97, 394.97, 394.97, 395.3, 394.91, 395.09, 2818, 0, 100000.0, 0.0, 100000.0
1668783900.011506, 395.46, 395.53, 395.2, 395.31, -0.03, 0.15, False, False, False, False, False, False, False, False, False, 1668720660.011506, 395.09, 395.09, 395.09, 395.09, 395.09, 395.27, 394.98, 395.2, 1870, 0, 100000.0, 0.0, 100000.0
1668783960.011506, 395.39, 395.43, 395.19, 395.28, -0.09, 0.1, False, False, False, False, False, False, False, False, False, 1668720660.011506, 395.22, 395.22, 395.22, 395.22, 395.22, 395.29, 394.81, 394.88, 1894, 0, 100000.0, 0.0, 100000.0
1668784020.011506, 395.22, 395.28, 395.14, 395.07, -0.17, 0.05, False, False, False, False, False, False, False, False, False, 1668720660.011506, 394.89, 394.89, 394.89, 394.89, 394.89, 394.89, 394.37, 394.42, 2437, 0, 100000.0, 0.0, 100000.0
1668784080.011506, 395.07, 395.19, 395.1, 394.91, -0.2, 0.0, False, False, False, True, False, True, False, False, False, 1668720660.011506, 394.41, 394.41, 394.41, 394.41, 394.41, 394.73, 394.35, 394.69, 2602, 0, 100000.0, 0.0, 100000.0
1668784140.011506, 395.09, 395.15, 395.1, 394.97, -0.22, -0.04, False, False, False, True, False, True, False, False, False, 1668720660.011506, 394.7, 394.7, 394.7, 394.7, 394.7, 394.93, 394.57, 394.92, 1734, -51, 99984.21, -20129.7, 120113.91
1668784200.011506, 395.08, 395.11, 395.1, 394.98, -0.22, -0.07, False, False, False, True, False, True, False, False, False, 1668720660.011506, 394.92, 394.92, 394.92, 394.92, 394.92, 395.03, 394.85, 394.85, 1903, -51, 99972.99, -20140.920000000002, 120113.91
1668784260.011506, 395.09, 395.11, 395.09, 394.99, -0.19, -0.09, False, False, False, True, False, True, False, False, False, 1668720660.011506, 394.87, 394.87, 394.87, 394.87, 394.87, 395.23, 394.85, 395.15, 2018, -51, 99975.54000000001, -20138.37, 120113.91
1668784320.011506, 395.15, 395.14, 395.1, 395.09, -0.17, -0.1, False, False, False, True, False, True, True, True, False, 1668784320.011506, 395.16, 395.16, 395.16, 395.16, 395.16, 395.23, 395.0, 395.21, 1398, -51, 99960.75, -20153.16, 120113.91
1668784380.011506, 395.14, 395.11, 395.09, 395.08, -0.16, -0.11, False, False, False, True, False, True, True, True, False, 1668784320.011506, 395.2, 395.2, 395.2, 395.2, 395.2, 395.27, 394.92, 394.92, 1444, -51, 99958.71, -20155.2, 120113.91
1668784440.011506, 395.07, 395.08, 395.07, 394.96, -0.17, -0.12, False, False, False, True, False, True, True, False, False, 1668784320.011506, 394.92, 394.92, 394.92, 394.92, 394.92, 395.01, 394.78, 394.78, 766, -51, 99972.99, -20140.920000000002, 120113.91
1668784500.011506, 395.03, 395.06, 395.05, 394.91, -0.18, -0.13, False, False, False, False, False, False, False, False, False, 1668784500.011506, 394.8, 394.8, 394.8, 394.8, 394.8, 394.89, 394.67, 394.85, 1063, -51, 99979.11, -20134.8, 120113.91
1668784560.011506, 395.06, 395.08, 395.03, 394.96, -0.17, -0.14, False, False, False, False, False, False, False, False, False, 1668784500.011506, 394.87, 394.87, 394.87, 394.87, 394.87, 395.17, 394.83, 395.16, 859, 0, 99978.11, 0.0, 99978.11
1668784620.011506, 395.12, 395.1, 395.04, 395.04, -0.15, -0.14, False, False, False, False, False, False, False, False, False, 1668784500.011506, 395.15, 395.15, 395.15, 395.15, 395.15, 395.24, 394.97, 395.2, 1188, 0, 99978.11, 0.0, 99978.11
1668784680.011506, 395.15, 395.12, 395.04, 395.07, -0.13, -0.14, False, False, False, False, False, False, False, False, False, 1668784500.011506, 395.22, 395.22, 395.22, 395.22, 395.22, 395.22, 394.86, 395.15, 1612, 0, 99978.11, 0.0, 99978.11
1668784740.011506, 395.12, 395.11, 395.02, 395.04, -0.15, -0.14, False, False, False, False, False, False, False, False, False, 1668784500.011506, 395.14, 395.14, 395.14, 395.14, 395.14, 395.32, 394.85, 394.95, 1838, 0, 99978.11, 0.0, 99978.11
1668784800.011506, 395.1, 395.13, 395.02, 395.04, -0.14, -0.15, False, False, False, False, False, False, False, False, False, 1668784500.011506, 394.96, 394.96, 394.96, 394.96, 394.96, 395.32, 394.89, 395.26, 1285, 0, 99978.11, 0.0, 99978.11
1668784860.011506, 395.16, 395.16, 395.03, 395.16, -0.13, -0.14, False, False, False, False, False, False, False, False, False, 1668784500.011506, 395.25, 395.25, 395.25, 395.25, 395.25, 395.4, 395.15, 395.36, 1173, 0, 99978.11, 0.0, 99978.11
1668784920.011506, 395.21, 395.2, 395.05, 395.25, -0.1, -0.14, False, False, False, False, False, False, False, False, False, 1668784500.011506, 395.38, 395.38, 395.38, 395.38, 395.38, 395.53, 395.33, 395.52, 1420, 0, 99978.11, 0.0, 99978.11
1668784980.011506, 395.27, 395.24, 395.07, 395.34, -0.08, -0.13, False, False, False, False, False, False, False, False, False, 1668784500.011506, 395.53, 395.53, 395.53, 395.53, 395.53, 395.61, 395.49, 395.54, 1456, 0, 99978.11, 0.0, 99978.11
1668785040.011506, 395.28, 395.24, 395.08, 395.35, -0.06, -0.12, False, False, True, False, False, True, False, False, False, 1668784500.011506, 395.53, 395.53, 395.53, 395.53, 395.53, 395.54, 395.25, 395.36, 1342, 0, 99978.11, 0.0, 99978.11
1668785100.011506, 395.25, 395.23, 395.08, 395.31, -0.06, -0.11, False, False, True, False, False, True, False, False, False, 1668784500.011506, 395.36, 395.36, 395.36, 395.36, 395.36, 395.5, 395.13, 395.2, 736, 51, 99968.44, 20163.36, 79805.08
1668785160.011506, 395.17, 395.17, 395.06, 395.17, -0.1, -0.11, False, False, True, False, False, True, False, False, False, 1668784500.011506, 395.18, 395.18, 395.18, 395.18, 395.18, 395.23, 394.72, 394.83, 1547, 51, 99959.26000000001, 20154.18, 79805.08
1668785220.011506, 395.04, 395.08, 395.02, 394.98, -0.15, -0.11, False, False, True, False, False, True, True, True, False, 1668785220.011506, 394.82, 394.82, 394.82, 394.82, 394.82, 394.88, 394.48, 394.56, 1581, 51, 99940.9, 20135.82, 79805.08
1668785280.011506, 394.98, 395.06, 395.01, 394.9, -0.15, -0.12, False, False, False, False, False, False, False, False, False, 1668785280.011506, 394.56, 394.56, 394.56, 394.56, 394.56, 394.96, 394.52, 394.95, 1232, 51, 99927.64, 20122.56, 79805.08
1668785340.011506, 395.07, 395.09, 395.03, 395.04, -0.13, -0.12, False, False, False, False, False, False, False, False, False, 1668785280.011506, 394.94, 394.94, 394.94, 394.94, 394.94, 395.4, 394.93, 395.36, 1617, 0, 99926.64, 0.0, 99926.64
1668785400.011506, 395.18, 395.15, 395.07, 395.23, -0.09, -0.12, False, False, False, False, False, False, False, False, False, 1668785280.011506, 395.4, 395.4, 395.4, 395.4, 395.4, 395.56, 395.11, 395.49, 1482, 0, 99926.64, 0.0, 99926.64
1668785460.011506, 395.22, 395.18, 395.08, 395.29, -0.07, -0.11, False, False, False, False, False, False, False, False, False, 1668785280.011506, 395.5, 395.5, 395.5, 395.5, 395.5, 395.56, 395.37, 395.39, 644, 0, 99926.64, 0.0, 99926.64
1668785520.011506, 395.2, 395.16, 395.08, 395.27, -0.07, -0.1, False, False, False, False, False, False, False, False, False, 1668785280.011506, 395.41, 395.41, 395.41, 395.41, 395.41, 395.45, 395.09, 395.11, 1222, 0, 99926.64, 0.0, 99926.64
1668785580.011506, 395.15, 395.16, 395.08, 395.21, -0.08, -0.1, False, False, False, False, False, False, False, False, False, 1668785280.011506, 395.12, 395.12, 395.12, 395.12, 395.12, 395.24, 395.0, 395.15, 907, 0, 99926.64, 0.0, 99926.64
1668785640.011506, 395.17, 395.17, 395.09, 395.22, -0.07, -0.09, False, False, False, False, False, False, False, False, False, 1668785280.011506, 395.15, 395.15, 395.15, 395.15, 395.15, 395.25, 395.05, 395.25, 752, 0, 99926.64, 0.0, 99926.64
1668785700.011506, 395.2, 395.19, 395.1, 395.24, -0.06, -0.08, False, False, False, False, False, False, False, False, False, 1668785280.011506, 395.22, 395.22, 395.22, 395.22, 395.22, 395.47, 395.18, 395.35, 1109, 0, 99926.64, 0.0, 99926.64
1668785760.011506, 395.22, 395.2, 395.11, 395.25, -0.05, -0.08, False, False, False, False, False, False, False, False, False, 1668785280.011506, 395.35, 395.35, 395.35, 395.35, 395.35, 395.4, 395.14, 395.21, 1138, 0, 99926.64, 0.0, 99926.64
1668785820.011506, 395.24, 395.24, 395.12, 395.26, -0.01, -0.06, False, False, False, False, False, False, False, False, False, 1668785280.011506, 395.2, 395.2, 395.2, 395.2, 395.2, 395.52, 395.02, 395.48, 1219, 0, 99926.64, 0.0, 99926.64
1668785880.011506, 395.34, 395.3, 395.16, 395.37, 0.04, -0.04, False, False, True, False, False, True, False, False, False, 1668785280.011506, 395.47, 395.47, 395.47, 395.47, 395.47, 395.71, 395.45, 395.61, 1184, 0, 99926.64, 0.0, 99926.64
1668785940.011506, 395.35, 395.31, 395.17, 395.39, 0.03, -0.03, False, False, True, False, False, True, False, False, False, 1668785280.011506, 395.61, 395.61, 395.61, 395.61, 395.61, 395.66, 395.2, 395.27, 1188, 51, 99932.78, 20176.11, 79756.67
1668786000.011506, 395.3, 395.32, 395.16, 395.3, 0.02, -0.02, False, False, True, False, False, True, True, True, False, 1668786000.011506, 395.25, 395.25, 395.25, 395.25, 395.25, 395.44, 395.22, 395.35, 1276, 51, 99914.42, 20157.75, 79756.67
1668786060.011506, 395.34, 395.35, 395.18, 395.36, 0.04, -0.01, False, False, True, False, False, True, True, True, False, 1668786000.011506, 395.35, 395.35, 395.35, 395.35, 395.35, 395.57, 395.26, 395.54, 1367, 51, 99919.52, 20162.850000000002, 79756.67
1668786120.011506, 395.38, 395.35, 395.2, 395.43, 0.04, 0.0, False, False, True, False, False, True, True, False, False, 1668786000.011506, 395.52, 395.52, 395.52, 395.52, 395.52, 395.66, 395.35, 395.43, 767, 51, 99928.19, 20171.52, 79756.67
1668786180.011506, 395.38, 395.37, 395.21, 395.42, 0.06, 0.01, False, False, True, False, False, True, True, True, False, 1668786180.011506, 395.42, 395.42, 395.42, 395.42, 395.42, 395.57, 395.4, 395.48, 589, 51, 99923.09, 20166.420000000002, 79756.67
1668786240.011506, 395.4, 395.37, 395.23, 395.42, 0.05, 0.02, False, False, True, False, False, True, True, True, False, 1668786180.011506, 395.52, 395.52, 395.52, 395.52, 395.52, 395.56, 395.29, 395.35, 583, 51, 99928.19, 20171.52, 79756.67
1668786300.011506, 395.33, 395.32, 395.22, 395.32, 0.02, 0.02, False, False, True, False, False, True, True, False, False, 1668786180.011506, 395.36, 395.36, 395.36, 395.36, 395.36, 395.49, 394.99, 395.0, 715, 51, 99920.03, 20163.36, 79756.67
1668786360.011506, 395.28, 395.33, 395.22, 395.25, 0.02, 0.02, False, False, True, False, False, True, True, True, False, 1668786360.011506, 394.99, 394.99, 394.99, 394.99, 394.99, 395.45, 394.9, 395.42, 1357, 51, 99901.16, 20144.49, 79756.67
1668786420.011506, 395.35, 395.35, 395.25, 395.36, 0.03, 0.02, False, False, True, False, False, True, True, True, False, 1668786360.011506, 395.39, 395.39, 395.39, 395.39, 395.39, 395.47, 395.23, 395.45, 603, 51, 99921.56, 20164.89, 79756.67
1668786480.011506, 395.35, 395.35, 395.27, 395.38, 0.03, 0.02, False, False, True, False, False, True, True, False, False, 1668786360.011506, 395.45, 395.45, 395.45, 395.45, 395.45, 395.5, 395.32, 395.38, 540, 51, 99924.62, 20167.95, 79756.67
1668786540.011506, 395.35, 395.36, 395.28, 395.39, 0.05, 0.03, False, False, True, False, False, True, True, True, False, 1668786540.011506, 395.38, 395.38, 395.38, 395.38, 395.38, 395.55, 395.37, 395.5, 961, 51, 99921.05, 20164.38, 79756.67
1668786600.011506, 395.38, 395.36, 395.3, 395.42, 0.05, 0.03, False, False, True, False, False, True, True, True, False, 1668786540.011506, 395.49, 395.49, 395.49, 395.49, 395.49, 395.57, 395.38, 395.4, 949, 51, 99926.66, 20169.99, 79756.67
1668786660.011506, 395.36, 395.35, 395.3, 395.4, 0.06, 0.04, False, False, True, False, False, True, True, False, False, 1668786540.011506, 395.39, 395.39, 395.39, 395.39, 395.39, 395.51, 395.18, 395.3, 883, 51, 99921.56, 20164.89, 79756.67
1668786720.011506, 395.35, 395.35, 395.31, 395.36, 0.04, 0.04, False, False, True, False, False, True, True, True, False, 1668786720.011506, 395.29, 395.29, 395.29, 395.29, 395.29, 395.36, 395.25, 395.33, 515, 51, 99916.45999999999, 20159.79, 79756.67
1668786780.011506, 395.37, 395.38, 395.33, 395.38, 0.06, 0.04, False, False, True, False, False, True, True, True, False, 1668786720.011506, 395.32, 395.32, 395.32, 395.32, 395.32, 395.53, 395.2, 395.52, 456, 51, 99917.98999999999, 20161.32, 79756.67
1668786840.011506, 395.4, 395.39, 395.34, 395.43, 0.05, 0.05, False, False, True, False, False, True, True, False, False, 1668786720.011506, 395.51, 395.51, 395.51, 395.51, 395.51, 395.55, 395.35, 395.41, 670, 51, 99927.68, 20171.01, 79756.67
1668786900.011506, 395.36, 395.35, 395.34, 395.35, 0.04, 0.05, False, False, True, False, False, True, True, True, False, 1668786900.011506, 395.4, 395.4, 395.4, 395.4, 395.4, 395.49, 395.03, 395.13, 1250, 51, 99922.06999999999, 20165.399999999998, 79756.67
1668786960.011506, 395.21, 395.22, 395.3, 395.14, -0.03, 0.03, False, False, True, False, False, True, True, True, False, 1668786900.011506, 395.14, 395.14, 395.14, 395.14, 395.14, 395.14, 394.28, 394.44, 2296, 51, 99908.81, 20152.14, 79756.67
1668787020.011506, 395.01, 395.11, 395.24, 394.86, -0.09, 0.01, False, False, True, False, False, True, True, False, False, 1668786900.011506, 394.43, 394.43, 394.43, 394.43, 394.43, 394.65, 394.41, 394.44, 1089, 51, 99872.6, 20115.93, 79756.67
1668787080.011506, 394.93, 395.01, 395.22, 394.76, -0.14, -0.02, False, False, True, False, False, True, True, True, False, 1668787080.011506, 394.44, 394.44, 394.44, 394.44, 394.44, 394.44, 394.25, 394.4, 994, 51, 99873.11, 20116.44, 79756.67
1668787140.011506, 394.87, 394.95, 395.2, 394.69, -0.16, -0.05, False, False, True, False, False, True, True, True, False, 1668787080.011506, 394.38, 394.38, 394.38, 394.38, 394.38, 394.59, 394.37, 394.58, 823, 51, 99870.05, 20113.38, 79756.67
1668787200.011506, 394.84, 394.88, 395.19, 394.69, -0.19, -0.08, False, False, True, False, False, True, True, False, False, 1668787080.011506, 394.59, 394.59, 394.59, 394.59, 394.59, 394.76, 394.46, 394.47, 986, 51, 99880.76, 20124.09, 79756.67
1668787260.011506, 394.76, 394.8, 395.16, 394.62, -0.22, -0.11, False, False, True, False, False, True, True, True, False, 1668787260.011506, 394.49, 394.49, 394.49, 394.49, 394.49, 394.7, 394.31, 394.34, 1074, 51, 99875.66, 20118.99, 79756.67
1668787320.011506, 394.67, 394.72, 395.12, 394.53, -0.25, -0.14, False, False, True, False, False, True, True, True, False, 1668787260.011506, 394.35, 394.35, 394.35, 394.35, 394.35, 394.55, 394.13, 394.18, 1768, 51, 99868.52, 20111.850000000002, 79756.67
1668787380.011506, 394.55, 394.62, 395.07, 394.41, -0.28, -0.16, False, False, True, False, False, True, True, False, False, 1668787260.011506, 394.16, 394.16, 394.16, 394.16, 394.16, 394.3, 394.05, 394.05, 2320, 51, 99858.83, 20102.16, 79756.67
1668787440.011506, 394.49, 394.56, 395.04, 394.35, -0.3, -0.19, False, False, True, False, False, True, True, True, False, 1668787440.011506, 394.08, 394.08, 394.08, 394.08, 394.08, 394.35, 394.06, 394.18, 1316, 51, 99854.75, 20098.079999999998, 79756.67
1668787500.011506, 394.49, 394.54, 395.02, 394.37, -0.28, -0.2, False, False, True, False, False, True, True, True, False, 1668787440.011506, 394.18, 394.18, 394.18, 394.18, 394.18, 394.45, 394.17, 394.42, 974, 51, 99859.85, 20103.18, 79756.67
1668787560.011506, 394.53, 394.54, 395.0, 394.45, -0.25, -0.21, False, False, True, False, False, True, True, False, False, 1668787440.011506, 394.4, 394.4, 394.4, 394.4, 394.4, 394.58, 394.27, 394.57, 1057, 51, 99871.06999999999, 20114.399999999998, 79756.67
1668787620.011506, 394.55, 394.53, 394.99, 394.49, -0.22, -0.21, False, False, True, False, False, True, True, True, False, 1668787620.011506, 394.56, 394.56, 394.56, 394.56, 394.56, 394.58, 394.4, 394.44, 608, 51, 99879.23, 20122.56, 79756.67
1668787680.011506, 394.56, 394.57, 394.96, 394.49, -0.18, -0.2, False, False, True, False, False, True, True, True, False, 1668787620.011506, 394.43, 394.43, 394.43, 394.43, 394.43, 394.69, 394.43, 394.69, 981, 51, 99872.6, 20115.93, 79756.67
1668787740.011506, 394.62, 394.59, 394.96, 394.58, -0.15, -0.19, False, False, True, False, False, True, True, False, False, 1668787620.011506, 394.7, 394.7, 394.7, 394.7, 394.7, 394.71, 394.52, 394.66, 1542, 51, 99886.37, 20129.7, 79756.67
1668787800.011506, 394.6, 394.59, 394.94, 394.54, -0.14, -0.18, False, False, True, False, False, True, True, True, False, 1668787800.011506, 394.64, 394.64, 394.64, 394.64, 394.64, 394.73, 394.47, 394.5, 944, 51, 99883.31, 20126.64, 79756.67
1668787860.011506, 394.62, 394.63, 394.93, 394.57, -0.11, -0.16, False, False, True, False, False, True, True, True, False, 1668787800.011506, 394.54, 394.54, 394.54, 394.54, 394.54, 394.89, 394.53, 394.81, 1084, 51, 99878.20999999999, 20121.54, 79756.67
1668787920.011506, 394.68, 394.65, 394.93, 394.65, -0.08, -0.15, False, False, True, False, False, True, True, False, False, 1668787800.011506, 394.8, 394.8, 394.8, 394.8, 394.8, 394.88, 394.61, 394.76, 772, 51, 99891.47, 20134.8, 79756.67
1668787980.011506, 394.71, 394.69, 394.93, 394.69, -0.06, -0.13, False, False, True, False, False, True, True, True, False, 1668787980.011506, 394.78, 394.78, 394.78, 394.78, 394.78, 394.96, 394.75, 394.86, 613, 51, 99890.45, 20133.78, 79756.67
1668788040.011506, 394.76, 394.74, 394.93, 394.74, -0.02, -0.11, False, False, True, False, False, True, True, True, False, 1668787980.011506, 394.83, 394.83, 394.83, 394.83, 394.83, 395.09, 394.83, 395.02, 963, 51, 99893.0, 20136.329999999998, 79756.67
1668788100.011506, 394.81, 394.78, 394.94, 394.82, 0.0, -0.09, False, False, True, False, False, True, True, False, False, 1668787980.011506, 395.0, 395.0, 395.0, 395.0, 395.0, 395.07, 394.92, 395.02, 982, 51, 99901.67, 20145.0, 79756.67
1668788160.011506, 394.84, 394.82, 394.94, 394.88, 0.01, -0.07, False, False, True, False, False, True, True, True, False, 1668788160.011506, 395.02, 395.02, 395.02, 395.02, 395.02, 395.06, 394.93, 395.05, 581, 51, 99902.69, 20146.02, 79756.67
1668788220.011506, 394.87, 394.85, 394.95, 394.92, 0.02, -0.06, False, False, True, False, False, True, True, True, False, 1668788160.011506, 395.03, 395.03, 395.03, 395.03, 395.03, 395.15, 394.95, 395.1, 831, 51, 99903.2, 20146.53, 79756.67
1668788280.011506, 394.93, 394.91, 394.97, 395.02, 0.05, -0.04, False, False, True, False, False, True, True, False, False, 1668788160.011506, 395.11, 395.11, 395.11, 395.11, 395.11, 395.35, 395.11, 395.34, 694, 51, 99907.28, 20150.61, 79756.67
1668788340.011506, 395.04, 395.01, 395.0, 395.18, 0.08, -0.02, False, False, True, False, False, True, True, True, False, 1668788340.011506, 395.35, 395.35, 395.35, 395.35, 395.35, 395.68, 395.34, 395.62, 1568, 51, 99919.52, 20162.850000000002, 79756.67
1668788400.011506, 395.14, 395.07, 395.03, 395.31, 0.12, 0.01, False, False, True, False, False, True, True, True, False, 1668788340.011506, 395.63, 395.63, 395.63, 395.63, 395.63, 395.72, 395.56, 395.58, 1163, 51, 99933.8, 20177.13, 79756.67
1668788460.011506, 395.2, 395.14, 395.05, 395.37, 0.14, 0.03, False, False, True, False, False, True, True, False, False, 1668788340.011506, 395.59, 395.59, 395.59, 395.59, 395.59, 395.71, 395.52, 395.61, 1228, 51, 99931.76, 20175.09, 79756.67
1668788520.011506, 395.24, 395.18, 395.07, 395.39, 0.14, 0.05, False, False, True, False, False, True, True, True, False, 1668788520.011506, 395.6, 395.6, 395.6, 395.6, 395.6, 395.64, 395.37, 395.45, 1382, 51, 99932.27, 20175.600000000002, 79756.67
1668788580.011506, 395.27, 395.24, 395.08, 395.41, 0.16, 0.07, False, False, True, False, False, True, True, True, False, 1668788520.011506, 395.45, 395.45, 395.45, 395.45, 395.45, 395.67, 395.44, 395.63, 1022, 51, 99924.62, 20167.95, 79756.67
1668788640.011506, 395.33, 395.29, 395.11, 395.48, 0.16, 0.09, False, False, True, False, False, True, True, False, False, 1668788520.011506, 395.63, 395.63, 395.63, 395.63, 395.63, 395.86, 395.56, 395.62, 1701, 51, 99933.8, 20177.13, 79756.67
1668788700.011506, 395.35, 395.32, 395.13, 395.48, 0.16, 0.1, False, False, True, False, False, True, True, True, False, 1668788700.011506, 395.62, 395.62, 395.62, 395.62, 395.62, 395.74, 395.42, 395.52, 1082, 51, 99933.29, 20176.62, 79756.67
1668788760.011506, 395.38, 395.36, 395.14, 395.5, 0.16, 0.11, False, False, True, False, False, True, True, True, False, 1668788700.011506, 395.55, 395.55, 395.55, 395.55, 395.55, 395.85, 395.55, 395.67, 704, 51, 99929.72, 20173.05, 79756.67
1668788820.011506, 395.44, 395.4, 395.17, 395.55, 0.17, 0.12, False, False, True, False, False, True, True, False, False, 1668788700.011506, 395.68, 395.68, 395.68, 395.68, 395.68, 395.75, 395.6, 395.65, 493, 51, 99936.35, 20179.68, 79756.67
1668788880.011506, 395.46, 395.43, 395.18, 395.57, 0.17, 0.13, False, False, True, False, False, True, True, True, False, 1668788880.011506, 395.63, 395.63, 395.63, 395.63, 395.63, 395.67, 395.47, 395.62, 824, 51, 99933.8, 20177.13, 79756.67
1668788940.011506, 395.46, 395.44, 395.19, 395.56, 0.15, 0.14, False, False, True, False, False, True, True, True, False, 1668788880.011506, 395.63, 395.63, 395.63, 395.63, 395.63, 395.63, 395.41, 395.5, 520, 51, 99933.8, 20177.13, 79756.67
1668789000.011506, 395.45, 395.45, 395.2, 395.53, 0.14, 0.14, False, False, True, False, False, True, True, False, False, 1668788880.011506, 395.5, 395.5, 395.5, 395.5, 395.5, 395.7, 395.5, 395.56, 509, 51, 99927.17, 20170.5, 79756.67
1668789060.011506, 395.5, 395.49, 395.22, 395.6, 0.15, 0.14, False, False, True, False, False, True, True, True, False, 1668789060.011506, 395.6, 395.6, 395.6, 395.6, 395.6, 395.82, 395.44, 395.76, 915, 51, 99932.27, 20175.600000000002, 79756.67
1668789120.011506, 395.54, 395.51, 395.24, 395.65, 0.14, 0.14, False, False, True, False, False, True, True, True, False, 1668789060.011506, 395.79, 395.79, 395.79, 395.79, 395.79, 395.99, 395.6, 395.63, 1145, 51, 99941.95999999999, 20185.29, 79756.67
1668789180.011506, 395.53, 395.52, 395.25, 395.62, 0.14, 0.14, False, False, True, False, False, True, True, False, False, 1668789060.011506, 395.62, 395.62, 395.62, 395.62, 395.62, 395.69, 395.55, 395.61, 708, 51, 99933.29, 20176.62, 79756.67
1668789240.011506, 395.53, 395.52, 395.26, 395.6, 0.14, 0.14, False, False, True, False, False, True, True, True, False, 1668789240.011506, 395.63, 395.63, 395.63, 395.63, 395.63, 395.74, 395.48, 395.53, 498, 51, 99933.8, 20177.13, 79756.67
1668789300.011506, 395.53, 395.52, 395.26, 395.58, 0.12, 0.14, False, False, True, False, False, True, True, True, False, 1668789240.011506, 395.52, 395.52, 395.52, 395.52, 395.52, 395.57, 395.28, 395.57, 859, 51, 99928.19, 20171.52, 79756.67
1668789360.011506, 395.55, 395.54, 395.28, 395.59, 0.13, 0.14, False, False, True, False, False, True, True, False, False, 1668789240.011506, 395.58, 395.58, 395.58, 395.58, 395.58, 395.74, 395.53, 395.61, 564, 51, 99931.25, 20174.579999999998, 79756.67
1668789420.011506, 395.52, 395.5, 395.28, 395.53, 0.1, 0.13, False, False, True, False, False, True, True, True, False, 1668789420.011506, 395.61, 395.61, 395.61, 395.61, 395.61, 395.61, 395.22, 395.23, 656, 51, 99932.78, 20176.11, 79756.67
1668789480.011506, 395.41, 395.44, 395.26, 395.38, 0.06, 0.12, False, False, True, False, False, True, True, True, False, 1668789420.011506, 395.24, 395.24, 395.24, 395.24, 395.24, 395.37, 395.07, 395.08, 938, 51, 99913.91, 20157.24, 79756.67
1668789540.011506, 395.34, 395.38, 395.24, 395.28, 0.03, 0.1, False, False, True, False, False, True, True, False, False, 1668789420.011506, 395.08, 395.08, 395.08, 395.08, 395.08, 395.16, 394.95, 395.03, 1306, 51, 99905.75, 20149.079999999998, 79756.67
1668789600.011506, 395.32, 395.35, 395.23, 395.24, 0.02, 0.08, False, False, True, False, False, True, True, True, False, 1668789600.011506, 395.07, 395.07, 395.07, 395.07, 395.07, 395.29, 394.9, 395.12, 1002, 51, 99905.23999999999, 20148.57, 79756.67
1668789660.011506, 395.28, 395.3, 395.23, 395.2, 0.0, 0.07, False, False, True, False, False, True, True, True, False, 1668789600.011506, 395.11, 395.11, 395.11, 395.11, 395.11, 395.15, 394.92, 394.99, 658, 51, 99907.28, 20150.61, 79756.67
1668789720.011506, 395.22, 395.26, 395.22, 395.13, -0.02, 0.05, False, False, True, False, False, True, True, False, False, 1668789600.011506, 394.99, 394.99, 394.99, 394.99, 394.99, 395.03, 394.83, 394.99, 549, 51, 99901.16, 20144.49, 79756.67
1668789780.011506, 395.22, 395.25, 395.22, 395.15, -0.02, 0.04, False, False, True, False, False, True, True, True, False, 1668789780.011506, 394.99, 394.99, 394.99, 394.99, 394.99, 395.19, 394.9, 395.19, 788, 51, 99901.16, 20144.49, 79756.67
1668789840.011506, 395.23, 395.24, 395.23, 395.19, -0.02, 0.03, False, False, True, False, False, True, True, True, False, 1668789780.011506, 395.19, 395.19, 395.19, 395.19, 395.19, 395.21, 395.0, 395.13, 768, 51, 99911.36, 20154.69, 79756.67
1668789900.011506, 395.21, 395.21, 395.22, 395.17, -0.01, 0.02, False, False, True, False, False, True, True, False, False, 1668789780.011506, 395.15, 395.15, 395.15, 395.15, 395.15, 395.22, 395.04, 395.06, 530, 51, 99909.31999999999, 20152.649999999998, 79756.67
1668789960.011506, 395.17, 395.19, 395.22, 395.13, -0.01, 0.02, False, False, True, False, False, True, True, True, False, 1668789960.011506, 395.07, 395.07, 395.07, 395.07, 395.07, 395.1, 394.95, 395.05, 508, 51, 99905.23999999999, 20148.57, 79756.67
1668790020.011506, 395.12, 395.13, 395.2, 395.06, -0.05, 0.0, False, False, True, False, False, True, True, True, False, 1668789960.011506, 395.04, 395.04, 395.04, 395.04, 395.04, 395.04, 394.66, 394.75, 1047, 51, 99903.70999999999, 20147.04, 79756.67
1668790080.011506, 395.03, 395.07, 395.17, 394.94, -0.06, -0.01, False, False, True, False, False, True, True, False, False, 1668789960.011506, 394.76, 394.76, 394.76, 394.76, 394.76, 394.86, 394.63, 394.71, 766, 51, 99889.43, 20132.76, 79756.67
1668790140.011506, 394.98, 395.02, 395.15, 394.86, -0.08, -0.02, False, False, True, False, False, True, True, True, False, 1668790140.011506, 394.72, 394.72, 394.72, 394.72, 394.72, 394.87, 394.6, 394.64, 1040, 51, 99887.39, 20130.72, 79756.67
1668790200.011506, 394.96, 395.0, 395.14, 394.83, -0.07, -0.03, False, False, True, False, False, True, True, True, False, 1668790140.011506, 394.66, 394.66, 394.66, 394.66, 394.66, 394.87, 394.62, 394.85, 764, 51, 99884.33, 20127.66, 79756.67
1668790260.011506, 394.94, 394.96, 395.13, 394.83, -0.09, -0.04, False, False, True, False, False, True, True, False, False, 1668790140.011506, 394.83, 394.83, 394.83, 394.83, 394.83, 394.83, 394.48, 394.66, 631, 51, 99893.0, 20136.329999999998, 79756.67
1668790320.011506, 394.89, 394.92, 395.11, 394.76, -0.1, -0.05, False, False, True, False, False, True, True, True, False, 1668790320.011506, 394.66, 394.66, 394.66, 394.66, 394.66, 394.76, 394.62, 394.67, 641, 51, 99884.33, 20127.66, 79756.67
1668790380.011506, 394.88, 394.91, 395.1, 394.79, -0.09, -0.06, False, False, True, False, False, True, True, True, False, 1668790320.011506, 394.69, 394.69, 394.69, 394.69, 394.69, 394.93, 394.69, 394.84, 933, 51, 99885.86, 20129.19, 79756.67
1668790440.011506, 394.9, 394.91, 395.1, 394.85, -0.09, -0.07, False, False, True, False, False, True, True, False, False, 1668790320.011506, 394.86, 394.86, 394.86, 394.86, 394.86, 394.97, 394.82, 394.89, 364, 51, 99894.53, 20137.86, 79756.67
1668790500.011506, 394.91, 394.91, 395.09, 394.87, -0.08, -0.07, False, False, True, False, False, True, True, True, False, 1668790500.011506, 394.86, 394.86, 394.86, 394.86, 394.86, 394.97, 394.71, 394.94, 722, 51, 99894.53, 20137.86, 79756.67
1668790560.011506, 394.95, 394.95, 395.1, 394.94, -0.06, -0.07, False, False, True, False, False, True, True, True, False, 1668790500.011506, 394.95, 394.95, 394.95, 394.95, 394.95, 395.21, 394.91, 395.19, 1109, 51, 99899.12, 20142.45, 79756.67
1668790620.011506, 394.99, 394.96, 395.1, 395.02, -0.05, -0.06, False, False, True, False, False, True, True, False, False, 1668790500.011506, 395.19, 395.19, 395.19, 395.19, 395.19, 395.2, 394.92, 395.02, 645, 51, 99911.36, 20154.69, 79756.67
1668790680.011506, 394.98, 394.96, 395.09, 394.98, -0.04, -0.06, False, False, True, False, False, True, True, True, False, 1668790680.011506, 395.03, 395.03, 395.03, 395.03, 395.03, 395.08, 394.89, 394.99, 570, 51, 99903.2, 20146.53, 79756.67
1668790740.011506, 395.0, 394.99, 395.09, 395.01, -0.03, -0.05, False, False, True, False, False, True, True, True, False, 1668790680.011506, 395.04, 395.04, 395.04, 395.04, 395.04, 395.18, 394.98, 395.14, 611, 51, 99903.70999999999, 20147.04, 79756.67
1668790800.011506, 395.03, 395.01, 395.1, 395.04, -0.02, -0.05, False, False, True, False, False, True, True, False, False, 1668790680.011506, 395.12, 395.12, 395.12, 395.12, 395.12, 395.21, 395.0, 395.12, 841, 51, 99907.79, 20151.12, 79756.67
1668790860.011506, 395.04, 395.03, 395.1, 395.04, -0.01, -0.04, False, False, True, False, False, True, True, True, False, 1668790860.011506, 395.1, 395.1, 395.1, 395.1, 395.1, 395.31, 395.1, 395.14, 1226, 51, 99906.77, 20150.100000000002, 79756.67
1668790920.011506, 395.04, 395.02, 395.1, 395.03, -0.02, -0.03, False, False, True, False, False, True, True, True, False, 1668790860.011506, 395.14, 395.14, 395.14, 395.14, 395.14, 395.18, 394.97, 394.98, 622, 51, 99908.81, 20152.14, 79756.67
1668790980.011506, 395.02, 395.03, 395.09, 395.01, -0.02, -0.03, False, False, True, False, False, True, True, False, False, 1668790860.011506, 394.98, 394.98, 394.98, 394.98, 394.98, 395.16, 394.96, 395.08, 535, 51, 99900.65, 20143.98, 79756.67
1668791040.011506, 395.06, 395.06, 395.1, 395.07, -0.01, -0.03, False, False, True, False, False, True, True, True, False, 1668791040.011506, 395.09, 395.09, 395.09, 395.09, 395.09, 395.22, 395.06, 395.21, 934, 51, 99906.26, 20149.59, 79756.67
1668791100.011506, 395.05, 395.03, 395.09, 395.06, -0.03, -0.03, False, False, True, False, False, True, True, True, False, 1668791040.011506, 395.2, 395.2, 395.2, 395.2, 395.2, 395.22, 394.83, 394.89, 685, 51, 99911.87, 20155.2, 79756.67
1668791160.011506, 394.97, 394.98, 395.06, 394.94, -0.07, -0.04, False, False, True, False, False, True, True, False, False, 1668791040.011506, 394.91, 394.91, 394.91, 394.91, 394.91, 394.94, 394.64, 394.68, 604, 51, 99897.08, 20140.41, 79756.67
1668791220.011506, 394.87, 394.91, 395.03, 394.82, -0.11, -0.05, False, False, True, False, False, True, True, True, False, 1668791220.011506, 394.68, 394.68, 394.68, 394.68, 394.68, 394.78, 394.44, 394.53, 1192, 51, 99885.35, 20128.68, 79756.67
1668791280.011506, 394.78, 394.83, 394.99, 394.71, -0.15, -0.07, False, False, True, False, False, True, True, True, False, 1668791220.011506, 394.53, 394.53, 394.53, 394.53, 394.53, 394.64, 394.29, 394.38, 1564, 51, 99877.7, 20121.03, 79756.67
1668791340.011506, 394.73, 394.79, 394.97, 394.64, -0.17, -0.09, False, False, True, False, False, True, True, False, False, 1668791220.011506, 394.38, 394.38, 394.38, 394.38, 394.38, 394.59, 394.37, 394.57, 908, 51, 99870.05, 20113.38, 79756.67
1668791400.011506, 394.7, 394.74, 394.95, 394.63, -0.19, -0.11, False, False, True, False, False, True, True, True, False, 1668791400.011506, 394.53, 394.53, 394.53, 394.53, 394.53, 394.57, 394.38, 394.45, 857, 51, 99877.7, 20121.03, 79756.67
1668791460.011506, 394.67, 394.71, 394.93, 394.61, -0.19, -0.13, False, False, True, False, False, True, True, True, False, 1668791400.011506, 394.44, 394.44, 394.44, 394.44, 394.44, 394.6, 394.4, 394.6, 807, 51, 99873.11, 20116.44, 79756.67
1668791520.011506, 394.65, 394.66, 394.91, 394.61, -0.2, -0.14, False, False, True, False, False, True, True, False, False, 1668791400.011506, 394.59, 394.59, 394.59, 394.59, 394.59, 394.65, 394.38, 394.41, 572, 51, 99880.76, 20124.09, 79756.67
1668791580.011506, 394.62, 394.65, 394.89, 394.58, -0.18, -0.15, False, False, True, False, False, True, True, True, False, 1668791580.011506, 394.41, 394.41, 394.41, 394.41, 394.41, 394.65, 394.39, 394.6, 421, 51, 99871.58, 20114.91, 79756.67
1668791640.011506, 394.62, 394.62, 394.87, 394.6, -0.2, -0.16, False, False, True, False, False, True, True, True, False, 1668791580.011506, 394.6, 394.6, 394.6, 394.6, 394.6, 394.65, 394.38, 394.43, 459, 51, 99881.27, 20124.600000000002, 79756.67
1668791700.011506, 394.49, 394.51, 394.82, 394.43, -0.25, -0.17, False, False, True, False, False, True, True, False, False, 1668791580.011506, 394.42, 394.42, 394.42, 394.42, 394.42, 394.42, 393.74, 393.83, 2277, 51, 99872.09, 20115.420000000002, 79756.67
1668791760.011506, 394.3, 394.37, 394.74, 394.14, -0.3, -0.2, False, False, True, False, False, True, True, True, False, 1668791760.011506, 393.81, 393.81, 393.81, 393.81, 393.81, 393.85, 393.3, 393.54, 3227, 51, 99840.98, 20084.31, 79756.67
1668791820.011506, 394.18, 394.27, 394.68, 393.97, -0.33, -0.22, False, False, True, False, False, True, True, True, False, 1668791760.011506, 393.52, 393.52, 393.52, 393.52, 393.52, 393.75, 393.39, 393.64, 1434, 51, 99826.19, 20069.52, 79756.67
1668791880.011506, 394.11, 394.18, 394.64, 393.91, -0.34, -0.24, False, False, True, False, False, True, True, False, False, 1668791760.011506, 393.65, 393.65, 393.65, 393.65, 393.65, 393.72, 393.54, 393.55, 758, 51, 99832.81999999999, 20076.149999999998, 79756.67
1668791940.011506, 394.0, 394.06, 394.58, 393.75, -0.38, -0.27, False, False, True, False, False, True, True, True, False, 1668791940.011506, 393.54, 393.54, 393.54, 393.54, 393.54, 393.59, 393.25, 393.28, 1205, 51, 99827.20999999999, 20070.54, 79756.67
1668792000.011506, 393.87, 393.96, 394.52, 393.6, -0.4, -0.29, False, False, True, False, False, True, True, True, False, 1668791940.011506, 393.28, 393.28, 393.28, 393.28, 393.28, 393.45, 393.16, 393.3, 1558, 51, 99813.95, 20057.28, 79756.67
1668792060.011506, 393.8, 393.88, 394.47, 393.57, -0.41, -0.32, False, False, True, False, False, True, True, False, False, 1668791940.011506, 393.29, 393.29, 393.29, 393.29, 393.29, 393.45, 393.27, 393.37, 922, 51, 99814.45999999999, 20057.79, 79756.67
1668792120.011506, 393.74, 393.8, 394.42, 393.55, -0.42, -0.34, False, False, True, False, False, True, True, True, False, 1668792120.011506, 393.38, 393.38, 393.38, 393.38, 393.38, 393.38, 393.14, 393.3, 1511, 51, 99819.05, 20062.38, 79756.67
1668792180.011506, 393.67, 393.72, 394.37, 393.48, -0.43, -0.36, False, False, True, False, False, True, True, True, False, 1668792120.011506, 393.3, 393.3, 393.3, 393.3, 393.3, 393.33, 393.2, 393.25, 606, 51, 99814.97, 20058.3, 79756.67
1668792240.011506, 393.58, 393.64, 394.32, 393.41, -0.44, -0.37, False, False, True, False, False, True, True, False, False, 1668792120.011506, 393.26, 393.26, 393.26, 393.26, 393.26, 393.31, 393.1, 393.1, 896, 51, 99812.93, 20056.26, 79756.67
1668792300.011506, 393.54, 393.61, 394.27, 393.39, -0.41, -0.38, False, False, True, False, False, True, True, True, False, 1668792300.011506, 393.09, 393.09, 393.09, 393.09, 393.09, 393.49, 393.04, 393.49, 1372, 51, 99804.26, 20047.59, 79756.67
1668792360.011506, 393.6, 393.61, 394.26, 393.49, -0.36, -0.37, False, False, True, False, False, True, True, True, False, 1668792300.011506, 393.45, 393.45, 393.45, 393.45, 393.45, 393.61, 393.37, 393.6, 921, 51, 99822.62, 20065.95, 79756.67
1668792420.011506, 393.64, 393.63, 394.24, 393.55, -0.32, -0.36, False, False, True, False, False, True, True, False, False, 1668792300.011506, 393.61, 393.61, 393.61, 393.61, 393.61, 393.74, 393.53, 393.67, 798, 51, 99830.78, 20074.11, 79756.67
1668792480.011506, 393.66, 393.65, 394.22, 393.59, -0.29, -0.34, False, False, True, False, False, True, True, True, False, 1668792480.011506, 393.69, 393.69, 393.69, 393.69, 393.69, 393.77, 393.62, 393.68, 1059, 51, 99834.86, 20078.19, 79756.67
1668792540.011506, 393.69, 393.69, 394.21, 393.64, -0.23, -0.32, False, False, True, False, False, True, True, True, False, 1668792480.011506, 393.71, 393.71, 393.71, 393.71, 393.71, 393.91, 393.7, 393.9, 1097, 51, 99835.88, 20079.21, 79756.67
1668792600.011506, 393.72, 393.68, 394.19, 393.68, -0.21, -0.3, False, False, True, False, False, True, True, False, False, 1668792480.011506, 393.89, 393.89, 393.89, 393.89, 393.89, 393.89, 393.61, 393.62, 1141, 51, 99845.06, 20088.39, 79756.67
1668792660.011506, 393.69, 393.7, 394.16, 393.63, -0.19, -0.28, False, False, True, False, False, True, True, True, False, 1668792660.011506, 393.61, 393.61, 393.61, 393.61, 393.61, 393.85, 393.61, 393.77, 551, 51, 99830.78, 20074.11, 79756.67
1668792720.011506, 393.73, 393.72, 394.16, 393.69, -0.15, -0.25, False, False, True, False, False, True, True, True, False, 1668792660.011506, 393.77, 393.77, 393.77, 393.77, 393.77, 393.84, 393.72, 393.81, 308, 51, 99838.94, 20082.27, 79756.67
1668792780.011506, 393.72, 393.7, 394.14, 393.66, -0.16, -0.24, False, False, True, False, False, True, True, False, False, 1668792660.011506, 393.79, 393.79, 393.79, 393.79, 393.79, 393.79, 393.51, 393.58, 394, 51, 99839.95999999999, 20083.29, 79756.67
1668792840.011506, 393.69, 393.71, 394.11, 393.62, -0.15, -0.22, False, False, True, False, False, True, True, True, False, 1668792840.011506, 393.57, 393.57, 393.57, 393.57, 393.57, 393.77, 393.52, 393.7, 520, 51, 99828.73999999999, 20072.07, 79756.67
1668792900.011506, 393.72, 393.72, 394.11, 393.67, -0.13, -0.21, False, False, True, False, False, True, True, True, False, 1668792840.011506, 393.71, 393.71, 393.71, 393.71, 393.71, 393.82, 393.63, 393.78, 713, 51, 99835.88, 20079.21, 79756.67
1668792960.011506, 393.72, 393.73, 394.1, 393.71, -0.13, -0.19, False, False, True, False, False, True, True, False, False, 1668792840.011506, 393.77, 393.77, 393.77, 393.77, 393.77, 393.86, 393.71, 393.78, 457, 51, 99838.94, 20082.27, 79756.67
1668793020.011506, 393.75, 393.75, 394.1, 393.75, -0.12, -0.18, False, False, True, False, False, True, True, True, False, 1668793020.011506, 393.78, 393.78, 393.78, 393.78, 393.78, 393.99, 393.77, 393.97, 564, 51, 99839.45, 20082.78, 79756.67
1668793080.011506, 393.78, 393.76, 394.1, 393.82, -0.11, -0.17, False, False, True, False, False, True, True, True, False, 1668793020.011506, 393.97, 393.97, 393.97, 393.97, 393.97, 394.0, 393.86, 393.89, 850, 51, 99849.14, 20092.47, 79756.67
1668793140.011506, 393.8, 393.8, 394.1, 393.88, -0.09, -0.16, False, False, True, False, False, True, True, False, False, 1668793020.011506, 393.88, 393.88, 393.88, 393.88, 393.88, 394.18, 393.87, 394.13, 519, 51, 99844.55, 20087.88, 79756.67
1668793200.011506, 393.85, 393.81, 394.11, 393.96, -0.08, -0.14, False, False, True, False, False, True, True, True, False, 1668793200.011506, 394.17, 394.17, 394.17, 394.17, 394.17, 394.18, 393.98, 393.98, 719, 51, 99859.34, 20102.670000000002, 79756.67
1668793260.011506, 393.86, 393.84, 394.11, 393.95, -0.07, -0.13, False, False, True, False, False, True, True, True, False, 1668793200.011506, 393.97, 393.97, 393.97, 393.97, 393.97, 394.15, 393.97, 394.08, 683, 51, 99849.14, 20092.47, 79756.67
1668793320.011506, 393.88, 393.86, 394.11, 393.98, -0.06, -0.12, False, False, True, False, False, True, True, False, False, 1668793200.011506, 394.06, 394.06, 394.06, 394.06, 394.06, 394.13, 393.97, 393.99, 593, 51, 99853.73, 20097.06, 79756.67
1668793380.011506, 393.87, 393.86, 394.1, 393.94, -0.06, -0.1, False, False, True, False, False, True, True, True, False, 1668793380.011506, 394.0, 394.0, 394.0, 394.0, 394.0, 394.05, 393.83, 393.87, 690, 51, 99850.67, 20094.0, 79756.67
1668793440.011506, 393.83, 393.82, 394.08, 393.86, -0.08, -0.1, False, False, True, False, False, True, True, True, False, 1668793380.011506, 393.86, 393.86, 393.86, 393.86, 393.86, 393.86, 393.65, 393.67, 779, 51, 99843.53, 20086.86, 79756.67
1668793500.011506, 393.8, 393.82, 394.06, 393.8, -0.08, -0.09, False, False, True, False, False, True, True, False, False, 1668793380.011506, 393.69, 393.69, 393.69, 393.69, 393.69, 393.9, 393.68, 393.77, 458, 51, 99834.86, 20078.19, 79756.67
1668793560.011506, 393.78, 393.78, 394.04, 393.77, -0.11, -0.1, False, False, True, False, False, True, True, True, False, 1668793560.011506, 393.76, 393.76, 393.76, 393.76, 393.76, 393.78, 393.52, 393.54, 506, 51, 99838.43, 20081.76, 79756.67
1668793620.011506, 393.73, 393.76, 394.02, 393.69, -0.11, -0.1, False, False, True, False, False, True, True, True, False, 1668793560.011506, 393.52, 393.52, 393.52, 393.52, 393.52, 393.68, 393.49, 393.66, 422, 51, 99826.19, 20069.52, 79756.67
1668793680.011506, 393.74, 393.76, 394.01, 393.72, -0.11, -0.1, False, False, True, False, False, True, True, False, False, 1668793560.011506, 393.64, 393.64, 393.64, 393.64, 393.64, 393.82, 393.64, 393.71, 731, 51, 99832.31, 20075.64, 79756.67
1668793740.011506, 393.74, 393.74, 394.0, 393.72, -0.11, -0.1, False, False, True, False, False, True, True, True, False, 1668793740.011506, 393.72, 393.72, 393.72, 393.72, 393.72, 393.75, 393.61, 393.64, 585, 51, 99836.39, 20079.72, 79756.67
1668793800.011506, 393.73, 393.75, 393.99, 393.73, -0.11, -0.11, False, False, True, False, False, True, True, True, False, 1668793740.011506, 393.63, 393.63, 393.63, 393.63, 393.63, 393.8, 393.63, 393.79, 325, 51, 99831.8, 20075.13, 79756.67
1668793860.011506, 393.76, 393.75, 393.99, 393.77, -0.09, -0.1, False, False, True, False, False, True, True, False, False, 1668793740.011506, 393.78, 393.78, 393.78, 393.78, 393.78, 393.89, 393.75, 393.79, 297, 51, 99839.45, 20082.78, 79756.67
1668793920.011506, 393.73, 393.72, 393.97, 393.75, -0.1, -0.1, False, False, True, False, False, True, True, True, False, 1668793920.011506, 393.79, 393.79, 393.79, 393.79, 393.79, 393.79, 393.55, 393.55, 462, 51, 99839.95999999999, 20083.29, 79756.67
1668793980.011506, 393.65, 393.66, 393.94, 393.62, -0.12, -0.1, False, False, True, False, False, True, True, True, False, 1668793920.011506, 393.56, 393.56, 393.56, 393.56, 393.56, 393.56, 393.13, 393.29, 693, 51, 99828.23, 20071.56, 79756.67
1668794040.011506, 393.58, 393.63, 393.91, 393.53, -0.12, -0.11, False, False, True, False, False, True, True, False, False, 1668793920.011506, 393.29, 393.29, 393.29, 393.29, 393.29, 393.54, 393.29, 393.46, 816, 51, 99814.45999999999, 20057.79, 79756.67
1668794100.011506, 393.58, 393.59, 393.9, 393.53, -0.13, -0.11, False, False, True, False, False, True, True, True, False, 1668794100.011506, 393.45, 393.45, 393.45, 393.45, 393.45, 393.46, 393.27, 393.37, 847, 51, 99822.62, 20065.95, 79756.67
1668794160.011506, 393.57, 393.6, 393.88, 393.5, -0.11, -0.11, False, False, True, False, False, True, True, True, False, 1668794100.011506, 393.34, 393.34, 393.34, 393.34, 393.34, 393.6, 393.33, 393.6, 622, 51, 99817.01, 20060.34, 79756.67
1668794220.011506, 393.63, 393.63, 393.89, 393.59, -0.07, -0.1, False, False, True, False, False, True, True, False, False, 1668794100.011506, 393.6, 393.6, 393.6, 393.6, 393.6, 393.82, 393.6, 393.77, 723, 51, 99830.27, 20073.600000000002, 79756.67
1668794280.011506, 393.68, 393.65, 393.89, 393.66, -0.04, -0.09, False, False, True, False, False, True, True, True, False, 1668794280.011506, 393.77, 393.77, 393.77, 393.77, 393.77, 393.82, 393.63, 393.77, 651, 51, 99838.94, 20082.27, 79756.67
1668794340.011506, 393.7, 393.69, 393.89, 393.71, -0.02, -0.08, False, False, True, False, False, True, True, True, False, 1668794280.011506, 393.77, 393.77, 393.77, 393.77, 393.77, 393.93, 393.71, 393.84, 623, 51, 99838.94, 20082.27, 79756.67
1668794400.011506, 393.72, 393.69, 393.88, 393.73, -0.01, -0.06, False, False, True, False, False, True, True, False, False, 1668794280.011506, 393.83, 393.83, 393.83, 393.83, 393.83, 393.9, 393.67, 393.73, 691, 51, 99842.0, 20085.329999999998, 79756.67
1668794460.011506, 393.73, 393.73, 393.88, 393.75, 0.01, -0.05, False, False, True, False, False, True, True, True, False, 1668794460.011506, 393.72, 393.72, 393.72, 393.72, 393.72, 393.97, 393.69, 393.9, 745, 51, 99836.39, 20079.72, 79756.67
1668794520.011506, 393.76, 393.74, 393.89, 393.79, 0.02, -0.03, False, False, True, False, False, True, True, True, False, 1668794460.011506, 393.89, 393.89, 393.89, 393.89, 393.89, 393.89, 393.67, 393.83, 880, 51, 99845.06, 20088.39, 79756.67
1668794580.011506, 393.78, 393.76, 393.89, 393.79, 0.04, -0.02, False, False, True, False, False, True, True, False, False, 1668794460.011506, 393.84, 393.84, 393.84, 393.84, 393.84, 393.91, 393.81, 393.9, 297, 51, 99842.51, 20085.84, 79756.67
1668794640.011506, 393.8, 393.78, 393.89, 393.81, 0.05, -0.01, False, False, True, False, False, True, True, True, False, 1668794640.011506, 393.91, 393.91, 393.91, 393.91, 393.91, 393.93, 393.76, 393.82, 876, 51, 99846.08, 20089.41, 79756.67
1668794700.011506, 393.79, 393.79, 393.89, 393.79, 0.06, 0.01, False, False, True, False, False, True, True, True, False, 1668794640.011506, 393.83, 393.83, 393.83, 393.83, 393.83, 393.93, 393.82, 393.83, 796, 51, 99842.0, 20085.329999999998, 79756.67
1668794760.011506, 393.83, 393.82, 393.9, 393.83, 0.09, 0.02, False, False, True, False, False, True, True, False, False, 1668794640.011506, 393.84, 393.84, 393.84, 393.84, 393.84, 394.07, 393.82, 394.04, 838, 51, 99842.51, 20085.84, 79756.67
1668794820.011506, 393.88, 393.86, 393.91, 393.91, 0.09, 0.03, False, False, True, False, False, True, True, True, False, 1668794820.011506, 394.04, 394.04, 394.04, 394.04, 394.04, 394.09, 393.86, 394.07, 676, 51, 99852.70999999999, 20096.04, 79756.67
1668794880.011506, 393.92, 393.91, 393.93, 393.98, 0.11, 0.05, False, False, True, False, False, True, True, True, False, 1668794820.011506, 394.06, 394.06, 394.06, 394.06, 394.06, 394.24, 394.01, 394.23, 643, 51, 99853.73, 20097.06, 79756.67
1668794940.011506, 394.01, 393.97, 393.96, 394.1, 0.13, 0.06, False, False, True, False, False, True, True, False, False, 1668794820.011506, 394.22, 394.22, 394.22, 394.22, 394.22, 394.54, 394.22, 394.42, 1646, 51, 99861.89, 20105.22, 79756.67
1668795000.011506, 394.09, 394.04, 393.99, 394.21, 0.16, 0.08, False, False, True, False, False, True, True, True, False, 1668795000.011506, 394.43, 394.43, 394.43, 394.43, 394.43, 394.51, 394.35, 394.43, 578, 51, 99872.6, 20115.93, 79756.67
1668795060.011506, 394.13, 394.08, 394.0, 394.26, 0.17, 0.1, False, False, True, False, False, True, True, True, False, 1668795000.011506, 394.44, 394.44, 394.44, 394.44, 394.44, 394.46, 394.31, 394.4, 645, 51, 99873.11, 20116.44, 79756.67
1668795120.011506, 394.17, 394.14, 394.02, 394.29, 0.18, 0.11, False, False, True, False, False, True, True, False, False, 1668795000.011506, 394.41, 394.41, 394.41, 394.41, 394.41, 394.51, 394.32, 394.45, 708, 51, 99871.58, 20114.91, 79756.67
1668795180.011506, 394.21, 394.17, 394.04, 394.32, 0.18, 0.13, False, False, True, False, False, True, True, True, False, 1668795180.011506, 394.44, 394.44, 394.44, 394.44, 394.44, 394.46, 394.35, 394.42, 362, 51, 99873.11, 20116.44, 79756.67
1668795240.011506, 394.23, 394.2, 394.05, 394.32, 0.18, 0.14, False, False, True, False, False, True, True, True, False, 1668795180.011506, 394.39, 394.39, 394.39, 394.39, 394.39, 394.44, 394.35, 394.41, 387, 51, 99870.56, 20113.89, 79756.67
1668795300.011506, 394.22, 394.19, 394.06, 394.29, 0.15, 0.14, False, False, True, False, False, True, True, False, False, 1668795180.011506, 394.41, 394.41, 394.41, 394.41, 394.41, 394.41, 394.11, 394.14, 1130, 51, 99871.58, 20114.91, 79756.67
1668795360.011506, 394.17, 394.17, 394.05, 394.19, 0.13, 0.14, False, False, True, False, False, True, True, True, False, 1668795360.011506, 394.15, 394.15, 394.15, 394.15, 394.15, 394.17, 393.91, 394.07, 1017, 51, 99858.31999999999, 20101.649999999998, 79756.67
1668795420.011506, 394.14, 394.15, 394.05, 394.15, 0.1, 0.13, False, False, True, False, False, True, True, True, False, 1668795360.011506, 394.07, 394.07, 394.07, 394.07, 394.07, 394.13, 393.94, 394.06, 463, 51, 99854.23999999999, 20097.57, 79756.67
1668795480.011506, 394.13, 394.14, 394.05, 394.13, 0.09, 0.12, False, False, True, False, False, True, True, False, False, 1668795360.011506, 394.06, 394.06, 394.06, 394.06, 394.06, 394.12, 394.01, 394.12, 586, 51, 99853.73, 20097.06, 79756.67
1668795540.011506, 394.13, 394.14, 394.05, 394.14, 0.07, 0.11, False, False, True, False, False, True, True, True, False, 1668795540.011506, 394.13, 394.13, 394.13, 394.13, 394.13, 394.21, 394.05, 394.09, 798, 51, 99857.3, 20100.63, 79756.67
1668795600.011506, 394.12, 394.12, 394.05, 394.13, 0.06, 0.1, False, False, True, False, False, True, True, True, False, 1668795540.011506, 394.1, 394.1, 394.1, 394.1, 394.1, 394.24, 393.99, 394.06, 742, 51, 99855.77, 20099.100000000002, 79756.67
1668795660.011506, 394.08, 394.08, 394.04, 394.08, 0.03, 0.09, False, False, True, False, False, True, True, False, False, 1668795540.011506, 394.08, 394.08, 394.08, 394.08, 394.08, 394.08, 393.76, 393.83, 1002, 51, 99854.75, 20098.079999999998, 79756.67
1668795720.011506, 394.02, 394.05, 394.03, 394.01, 0.01, 0.07, False, False, False, False, False, False, False, False, False, 1668795720.011506, 393.83, 393.83, 393.83, 393.83, 393.83, 393.96, 393.83, 393.92, 1020, 51, 99842.0, 20085.329999999998, 79756.67
1668795780.011506, 394.03, 394.05, 394.03, 394.04, 0.01, 0.06, False, False, False, False, False, False, False, False, False, 1668795720.011506, 393.92, 393.92, 393.92, 393.92, 393.92, 394.12, 393.79, 394.05, 545, 0, 99841.0, 0.0, 99841.0
1668795840.011506, 394.09, 394.09, 394.05, 394.12, 0.02, 0.05, False, False, False, False, False, False, False, False, False, 1668795720.011506, 394.07, 394.07, 394.07, 394.07, 394.07, 394.36, 394.02, 394.35, 907, 0, 99841.0, 0.0, 99841.0
1668795900.011506, 394.15, 394.11, 394.06, 394.2, 0.03, 0.05, False, False, False, False, False, False, False, False, False, 1668795720.011506, 394.36, 394.36, 394.36, 394.36, 394.36, 394.37, 394.18, 394.23, 664, 0, 99841.0, 0.0, 99841.0
1668795960.011506, 394.16, 394.14, 394.07, 394.2, 0.06, 0.05, False, False, False, False, False, False, False, False, False, 1668795720.011506, 394.23, 394.23, 394.23, 394.23, 394.23, 394.32, 394.13, 394.3, 521, 0, 99841.0, 0.0, 99841.0
1668796020.011506, 394.21, 394.18, 394.09, 394.26, 0.08, 0.06, False, False, False, False, False, False, False, False, False, 1668795720.011506, 394.31, 394.31, 394.31, 394.31, 394.31, 394.52, 394.24, 394.43, 771, 0, 99841.0, 0.0, 99841.0
1668796080.011506, 394.28, 394.25, 394.11, 394.35, 0.12, 0.07, False, False, False, False, False, False, False, False, False, 1668795720.011506, 394.43, 394.43, 394.43, 394.43, 394.43, 394.73, 394.4, 394.6, 1764, 0, 99841.0, 0.0, 99841.0
1668796140.011506, 394.36, 394.32, 394.14, 394.44, 0.15, 0.09, False, False, True, False, False, True, False, False, False, 1668795720.011506, 394.6, 394.6, 394.6, 394.6, 394.6, 394.78, 394.59, 394.7, 865, 0, 99841.0, 0.0, 99841.0
1668796200.011506, 394.44, 394.38, 394.17, 394.51, 0.17, 0.11, False, False, True, False, False, True, False, False, False, 1668795720.011506, 394.71, 394.71, 394.71, 394.71, 394.71, 394.82, 394.67, 394.72, 1192, 51, 99845.60999999999, 20130.21, 79715.4
1668796260.011506, 394.49, 394.44, 394.19, 394.56, 0.2, 0.13, False, False, True, False, False, True, False, False, False, 1668795720.011506, 394.75, 394.75, 394.75, 394.75, 394.75, 394.84, 394.69, 394.72, 1207, 51, 99847.65, 20132.25, 79715.4
1668796320.011506, 394.53, 394.48, 394.21, 394.59, 0.22, 0.14, False, False, True, False, False, True, False, False, False, 1668795720.011506, 394.73, 394.73, 394.73, 394.73, 394.73, 394.86, 394.68, 394.72, 557, 51, 99846.62999999999, 20131.23, 79715.4
1668796380.011506, 394.54, 394.51, 394.22, 394.58, 0.21, 0.16, False, False, True, False, False, True, False, False, False, 1668795720.011506, 394.7, 394.7, 394.7, 394.7, 394.7, 394.76, 394.57, 394.59, 707, 51, 99845.09999999999, 20129.7, 79715.4
1668796440.011506, 394.55, 394.55, 394.24, 394.59, 0.22, 0.17, False, False, True, False, False, True, False, False, False, 1668795720.011506, 394.59, 394.59, 394.59, 394.59, 394.59, 394.84, 394.54, 394.79, 819, 51, 99839.48999999999, 20124.09, 79715.4
1668796500.011506, 394.58, 394.55, 394.26, 394.62, 0.21, 0.17, False, False, True, False, False, True, False, False, False, 1668795720.011506, 394.79, 394.79, 394.79, 394.79, 394.79, 394.86, 394.58, 394.6, 899, 51, 99849.69, 20134.29, 79715.4
1668796560.011506, 394.54, 394.53, 394.25, 394.55, 0.17, 0.17, False, False, True, False, False, True, False, False, False, 1668795720.011506, 394.59, 394.59, 394.59, 394.59, 394.59, 394.66, 394.4, 394.43, 1033, 51, 99839.48999999999, 20124.09, 79715.4
1668796620.011506, 394.48, 394.5, 394.25, 394.48, 0.15, 0.16, False, False, True, False, False, True, True, True, False, 1668796620.011506, 394.42, 394.42, 394.42, 394.42, 394.42, 394.48, 394.34, 394.34, 664, 51, 99830.81999999999, 20115.420000000002, 79715.4
1668796680.011506, 394.46, 394.48, 394.25, 394.46, 0.12, 0.15, False, False, True, False, False, True, True, True, False, 1668796620.011506, 394.36, 394.36, 394.36, 394.36, 394.36, 394.5, 394.36, 394.42, 588, 51, 99827.76, 20112.36, 79715.4
1668796740.011506, 394.43, 394.45, 394.25, 394.43, 0.09, 0.14, False, False, True, False, False, True, True, False, False, 1668796620.011506, 394.39, 394.39, 394.39, 394.39, 394.39, 394.41, 394.21, 394.28, 774, 51, 99829.29, 20113.89, 79715.4
1668796800.011506, 394.38, 394.4, 394.25, 394.37, 0.06, 0.12, False, False, True, False, False, True, True, True, False, 1668796800.011506, 394.3, 394.3, 394.3, 394.3, 394.3, 394.38, 394.21, 394.22, 734, 51, 99824.7, 20109.3, 79715.4
1668796860.011506, 394.33, 394.36, 394.24, 394.32, 0.02, 0.1, False, False, True, False, False, True, True, True, False, 1668796800.011506, 394.23, 394.23, 394.23, 394.23, 394.23, 394.28, 394.12, 394.13, 442, 51, 99821.12999999999, 20105.73, 79715.4
1668796920.011506, 394.27, 394.3, 394.22, 394.25, 0.0, 0.08, False, False, True, False, False, True, True, False, False, 1668796800.011506, 394.11, 394.11, 394.11, 394.11, 394.11, 394.15, 393.88, 394.03, 881, 51, 99815.01, 20099.61, 79715.4
1668796980.011506, 394.2, 394.23, 394.2, 394.17, -0.05, 0.06, False, False, True, False, False, True, True, True, False, 1668796980.011506, 394.03, 394.03, 394.03, 394.03, 394.03, 394.11, 393.8, 393.84, 699, 51, 99810.93, 20095.53, 79715.4
1668797040.011506, 394.11, 394.15, 394.17, 394.03, -0.09, 0.03, False, False, True, False, False, True, True, True, False, 1668796980.011506, 393.84, 393.84, 393.84, 393.84, 393.84, 393.89, 393.6, 393.66, 792, 51, 99801.23999999999, 20085.84, 79715.4
1668797100.011506, 394.03, 394.1, 394.14, 393.94, -0.11, 0.0, False, False, True, False, False, True, True, False, False, 1668796980.011506, 393.64, 393.64, 393.64, 393.64, 393.64, 393.83, 393.55, 393.76, 944, 51, 99791.04, 20075.64, 79715.4
1668797160.011506, 394.01, 394.04, 394.13, 393.92, -0.13, -0.02, False, False, True, False, False, True, True, True, False, 1668797160.011506, 393.77, 393.77, 393.77, 393.77, 393.77, 393.85, 393.62, 393.72, 502, 51, 99797.67, 20082.27, 79715.4
1668797220.011506, 393.97, 394.0, 394.11, 393.87, -0.14, -0.04, False, False, True, False, False, True, True, True, False, 1668797160.011506, 393.71, 393.71, 393.71, 393.71, 393.71, 393.79, 393.54, 393.74, 410, 51, 99794.60999999999, 20079.21, 79715.4
1668797280.011506, 393.93, 393.96, 394.08, 393.83, -0.16, -0.06, False, False, True, False, False, True, True, False, False, 1668797160.011506, 393.73, 393.73, 393.73, 393.73, 393.73, 393.74, 393.56, 393.61, 415, 51, 99795.62999999999, 20080.23, 79715.4
1668797340.011506, 393.87, 393.91, 394.06, 393.76, -0.17, -0.08, False, False, True, False, False, True, True, True, False, 1668797340.011506, 393.62, 393.62, 393.62, 393.62, 393.62, 393.64, 393.53, 393.58, 797, 51, 99790.01999999999, 20074.62, 79715.4
1668797400.011506, 393.84, 393.88, 394.04, 393.73, -0.16, -0.1, False, False, True, False, False, True, True, True, False, 1668797340.011506, 393.57, 393.57, 393.57, 393.57, 393.57, 393.68, 393.47, 393.66, 919, 51, 99787.47, 20072.07, 79715.4
1668797460.011506, 393.83, 393.85, 394.03, 393.73, -0.16, -0.11, False, False, True, False, False, True, True, False, False, 1668797340.011506, 393.67, 393.67, 393.67, 393.67, 393.67, 393.71, 393.59, 393.63, 740, 51, 99792.56999999999, 20077.170000000002, 79715.4
1668797520.011506, 393.79, 393.81, 394.0, 393.68, -0.17, -0.12, False, False, True, False, False, True, True, True, False, 1668797520.011506, 393.63, 393.63, 393.63, 393.63, 393.63, 393.63, 393.42, 393.48, 368, 51, 99790.53, 20075.13, 79715.4
1668797580.011506, 393.72, 393.76, 393.97, 393.6, -0.18, -0.13, False, False, True, False, False, True, True, True, False, 1668797520.011506, 393.47, 393.47, 393.47, 393.47, 393.47, 393.59, 393.39, 393.44, 598, 51, 99782.37, 20066.97, 79715.4
1668797640.011506, 393.69, 393.72, 393.95, 393.56, -0.18, -0.14, False, False, True, False, False, True, True, False, False, 1668797520.011506, 393.43, 393.43, 393.43, 393.43, 393.43, 393.53, 393.38, 393.47, 934, 51, 99780.32999999999, 20064.93, 79715.4
1668797700.011506, 393.68, 393.7, 393.93, 393.56, -0.17, -0.14, False, False, True, False, False, True, True, True, False, 1668797700.011506, 393.47, 393.47, 393.47, 393.47, 393.47, 393.56, 393.44, 393.53, 601, 51, 99782.37, 20066.97, 79715.4
1668797760.011506, 393.68, 393.7, 393.92, 393.58, -0.16, -0.15, False, False, True, False, False, True, True, True, False, 1668797700.011506, 393.54, 393.54, 393.54, 393.54, 393.54, 393.71, 393.53, 393.64, 1174, 51, 99785.94, 20070.54, 79715.4
1668797820.011506, 393.71, 393.72, 393.92, 393.63, -0.14, -0.15, False, False, True, False, False, True, True, False, False, 1668797700.011506, 393.64, 393.64, 393.64, 393.64, 393.64, 393.8, 393.62, 393.79, 1146, 51, 99791.04, 20075.64, 79715.4
1668797880.011506, 393.73, 393.73, 393.92, 393.69, -0.12, -0.14, False, False, True, False, False, True, True, True, False, 1668797880.011506, 393.76, 393.76, 393.76, 393.76, 393.76, 393.84, 393.74, 393.78, 499, 51, 99797.15999999999, 20081.76, 79715.4
1668797940.011506, 393.75, 393.75, 393.92, 393.73, -0.1, -0.13, False, False, True, False, False, True, True, True, False, 1668797880.011506, 393.78, 393.78, 393.78, 393.78, 393.78, 393.91, 393.75, 393.89, 666, 51, 99798.18, 20082.78, 79715.4
1668798000.011506, 393.79, 393.77, 393.92, 393.79, -0.07, -0.12, False, False, True, False, False, True, True, False, False, 1668797880.011506, 393.88, 393.88, 393.88, 393.88, 393.88, 393.98, 393.82, 393.92, 1197, 51, 99803.28, 20087.88, 79715.4
1668798060.011506, 393.84, 393.83, 393.93, 393.87, -0.04, -0.11, False, False, True, False, False, True, True, True, False, 1668798060.011506, 393.92, 393.92, 393.92, 393.92, 393.92, 394.22, 393.88, 394.19, 1678, 51, 99805.31999999999, 20089.920000000002, 79715.4
1668798120.011506, 393.95, 393.92, 393.96, 394.02, 0.01, -0.08, False, False, True, False, False, True, True, True, False, 1668798060.011506, 394.19, 394.19, 394.19, 394.19, 394.19, 394.46, 394.18, 394.43, 2077, 51, 99819.09, 20103.69, 79715.4
1668798180.011506, 394.03, 393.97, 393.99, 394.12, 0.04, -0.06, False, False, False, False, False, False, False, False, False, 1668798180.011506, 394.43, 394.43, 394.43, 394.43, 394.43, 394.44, 394.2, 394.29, 1404, 51, 99831.32999999999, 20115.93, 79715.4
1668798240.011506, 394.07, 394.03, 394.0, 394.15, 0.07, -0.03, False, False, True, False, False, True, False, False, False, 1668798180.011506, 394.3, 394.3, 394.3, 394.3, 394.3, 394.44, 394.27, 394.38, 1702, 0, 99830.32999999999, 0.0, 99830.32999999999
1668798300.011506, 394.13, 394.08, 394.02, 394.22, 0.09, -0.01, False, False, True, False, False, True, False, False, False, 1668798180.011506, 394.39, 394.39, 394.39, 394.39, 394.39, 394.47, 394.34, 394.43, 1196, 51, 99833.91999999998, 20113.89, 79720.02999999998
1668798360.011506, 394.15, 394.1, 394.03, 394.23, 0.09, 0.01, False, False, True, False, False, True, False, False, False, 1668798180.011506, 394.42, 394.42, 394.42, 394.42, 394.42, 394.5, 394.22, 394.24, 1000, 51, 99835.44999999998, 20115.420000000002, 79720.02999999998
1668798420.011506, 394.16, 394.16, 394.04, 394.23, 0.11, 0.03, False, False, True, False, False, True, False, False, False, 1668798180.011506, 394.24, 394.24, 394.24, 394.24, 394.24, 394.51, 394.23, 394.5, 1591, 51, 99826.26999999999, 20106.24, 79720.02999999998
1668798480.011506, 394.22, 394.18, 394.07, 394.31, 0.11, 0.04, False, False, True, False, False, True, False, False, False, 1668798180.011506, 394.51, 394.51, 394.51, 394.51, 394.51, 394.52, 394.33, 394.38, 912, 51, 99840.03999999998, 20120.01, 79720.02999999998
1668798540.011506, 394.22, 394.19, 394.07, 394.29, 0.1, 0.05, False, False, True, False, False, True, False, False, False, 1668798180.011506, 394.37, 394.37, 394.37, 394.37, 394.37, 394.4, 394.2, 394.31, 868, 51, 99832.89999999998, 20112.87, 79720.02999999998
1668798600.011506, 394.2, 394.19, 394.07, 394.26, 0.08, 0.05, False, False, True, False, False, True, False, False, False, 1668798180.011506, 394.31, 394.31, 394.31, 394.31, 394.31, 394.32, 394.16, 394.17, 828, 51, 99829.83999999998, 20109.81, 79720.02999999998
1668798660.011506, 394.18, 394.19, 394.07, 394.22, 0.07, 0.06, False, False, True, False, False, True, False, False, False, 1668798180.011506, 394.18, 394.18, 394.18, 394.18, 394.18, 394.28, 394.17, 394.22, 901, 51, 99823.20999999999, 20103.18, 79720.02999999998
1668798720.011506, 394.2, 394.2, 394.08, 394.26, 0.06, 0.05, False, False, True, False, False, True, False, False, False, 1668798180.011506, 394.24, 394.24, 394.24, 394.24, 394.24, 394.45, 394.2, 394.32, 931, 51, 99826.26999999999, 20106.24, 79720.02999999998
1668798780.011506, 394.2, 394.19, 394.09, 394.26, 0.03, 0.05, False, False, True, False, False, True, False, False, False, 1668798180.011506, 394.32, 394.32, 394.32, 394.32, 394.32, 394.36, 394.2, 394.2, 470, 51, 99830.34999999998, 20110.32, 79720.02999999998
1668798840.011506, 394.18, 394.18, 394.09, 394.24, 0.02, 0.04, False, False, True, False, False, True, False, False, False, 1668798180.011506, 394.19, 394.19, 394.19, 394.19, 394.19, 394.24, 394.17, 394.22, 252, 51, 99823.71999999999, 20103.69, 79720.02999999998
1668798900.011506, 394.2, 394.2, 394.09, 394.26, 0.02, 0.04, False, False, True, False, False, True, False, False, False, 1668798180.011506, 394.23, 394.23, 394.23, 394.23, 394.23, 394.34, 394.21, 394.29, 918, 51, 99825.75999999998, 20105.73, 79720.02999999998
1668798960.011506, 394.25, 394.25, 394.11, 394.34, 0.04, 0.04, False, False, True, False, False, True, False, False, False, 1668798180.011506, 394.28, 394.28, 394.28, 394.28, 394.28, 394.65, 394.28, 394.61, 1417, 51, 99828.30999999998, 20108.28, 79720.02999999998
1668799020.011506, 394.35, 394.3, 394.15, 394.46, 0.07, 0.05, False, False, True, False, False, True, False, False, False, 1668798180.011506, 394.6, 394.6, 394.6, 394.6, 394.6, 394.7, 394.52, 394.64, 824, 51, 99844.62999999999, 20124.600000000002, 79720.02999999998
1668799080.011506, 394.36, 394.32, 394.16, 394.47, 0.06, 0.05, False, False, True, False, False, True, False, False, False, 1668798180.011506, 394.64, 394.64, 394.64, 394.64, 394.64, 394.64, 394.32, 394.4, 741, 51, 99846.66999999998, 20126.64, 79720.02999999998
1668799140.011506, 394.33, 394.31, 394.15, 394.39, 0.06, 0.05, False, False, True, False, False, True, False, False, False, 1668798180.011506, 394.41, 394.41, 394.41, 394.41, 394.41, 394.53, 394.19, 394.27, 876, 51, 99834.93999999999, 20114.91, 79720.02999999998
1668799200.011506, 394.32, 394.33, 394.15, 394.36, 0.07, 0.06, False, False, True, False, False, True, True, True, False, 1668799200.011506, 394.27, 394.27, 394.27, 394.27, 394.27, 394.43, 394.24, 394.41, 512, 51, 99827.79999999999, 20107.77, 79720.02999999998
1668799260.011506, 394.36, 394.35, 394.17, 394.4, 0.08, 0.07, False, False, True, False, False, True, True, True, False, 1668799200.011506, 394.4, 394.4, 394.4, 394.4, 394.4, 394.5, 394.37, 394.45, 503, 51, 99834.42999999998, 20114.399999999998, 79720.02999999998
1668799320.011506, 394.39, 394.38, 394.19, 394.42, 0.09, 0.07, False, False, True, False, False, True, True, False, False, 1668799200.011506, 394.45, 394.45, 394.45, 394.45, 394.45, 394.59, 394.43, 394.51, 574, 51, 99836.97999999998, 20116.95, 79720.02999999998
1668799380.011506, 394.42, 394.41, 394.21, 394.44, 0.1, 0.08, False, False, True, False, False, True, True, True, False, 1668799380.011506, 394.5, 394.5, 394.5, 394.5, 394.5, 394.58, 394.45, 394.54, 415, 51, 99839.52999999998, 20119.5, 79720.02999999998
1668799440.011506, 394.45, 394.42, 394.22, 394.47, 0.11, 0.08, False, False, True, False, False, True, True, True, False, 1668799380.011506, 394.58, 394.58, 394.58, 394.58, 394.58, 394.59, 394.46, 394.5, 264, 51, 99843.60999999999, 20123.579999999998, 79720.02999999998
1668799500.011506, 394.45, 394.44, 394.23, 394.47, 0.11, 0.09, False, False, True, False, False, True, True, False, False, 1668799380.011506, 394.5, 394.5, 394.5, 394.5, 394.5, 394.5, 394.34, 394.5, 510, 51, 99839.52999999998, 20119.5, 79720.02999999998
1668799560.011506, 394.47, 394.46, 394.24, 394.49, 0.12, 0.09, False, False, True, False, False, True, True, True, False, 1668799560.011506, 394.49, 394.49, 394.49, 394.49, 394.49, 394.63, 394.48, 394.55, 648, 51, 99839.01999999999, 20118.99, 79720.02999999998
1668799620.011506, 394.47, 394.47, 394.26, 394.5, 0.12, 0.1, False, False, True, False, False, True, True, True, False, 1668799560.011506, 394.55, 394.55, 394.55, 394.55, 394.55, 394.57, 394.41, 394.52, 293, 51, 99842.07999999999, 20122.05, 79720.02999999998
1668799680.011506, 394.47, 394.47, 394.27, 394.5, 0.11, 0.1, False, False, True, False, False, True, True, False, False, 1668799560.011506, 394.51, 394.51, 394.51, 394.51, 394.51, 394.56, 394.47, 394.51, 376, 51, 99840.03999999998, 20120.01, 79720.02999999998
1668799740.011506, 394.47, 394.46, 394.28, 394.49, 0.1, 0.1, False, False, True, False, False, True, True, True, False, 1668799740.011506, 394.52, 394.52, 394.52, 394.52, 394.52, 394.55, 394.33, 394.43, 359, 51, 99840.54999999999, 20120.52, 79720.02999999998
1668799800.011506, 394.44, 394.44, 394.29, 394.45, 0.1, 0.1, False, False, True, False, False, True, True, True, False, 1668799740.011506, 394.44, 394.44, 394.44, 394.44, 394.44, 394.81, 394.27, 394.32, 2319, 51, 99836.46999999999, 20116.44, 79720.02999999998
1668799860.011506, 394.4, 394.41, 394.28, 394.38, 0.08, 0.09, False, False, True, False, False, True, True, False, False, 1668799740.011506, 394.33, 394.33, 394.33, 394.33, 394.33, 394.4, 394.11, 394.22, 1363, 51, 99830.85999999999, 20110.829999999998, 79720.02999999998
1668799920.011506, 394.36, 394.38, 394.28, 394.32, 0.06, 0.09, False, False, True, False, False, True, True, True, False, 1668799920.011506, 394.22, 394.22, 394.22, 394.22, 394.22, 394.24, 394.07, 394.24, 1070, 51, 99825.24999999999, 20105.22, 79720.02999999998
1668799980.011506, 394.37, 394.4, 394.29, 394.35, 0.06, 0.08, False, False, True, False, False, True, True, True, False, 1668799920.011506, 394.24, 394.24, 394.24, 394.24, 394.24, 394.52, 394.15, 394.5, 735, 51, 99826.26999999999, 20106.24, 79720.02999999998
1668800040.011506, 394.4, 394.39, 394.31, 394.41, 0.06, 0.08, False, False, True, False, False, True, True, False, False, 1668799920.011506, 394.51, 394.51, 394.51, 394.51, 394.51, 394.58, 394.32, 394.34, 484, 51, 99840.03999999998, 20120.01, 79720.02999999998
1668800100.011506, 394.34, 394.35, 394.29, 394.33, 0.03, 0.07, False, False, True, False, False, True, True, True, False, 1668800100.011506, 394.33, 394.33, 394.33, 394.33, 394.33, 394.38, 394.04, 394.11, 1083, 51, 99830.85999999999, 20110.829999999998, 79720.02999999998
1668800160.011506, 394.29, 394.32, 394.28, 394.25, 0.01, 0.06, False, False, True, False, False, True, True, True, False, 1668800100.011506, 394.11, 394.11, 394.11, 394.11, 394.11, 394.18, 394.02, 394.13, 597, 51, 99819.63999999998, 20099.61, 79720.02999999998
1668800220.011506, 394.25, 394.28, 394.27, 394.21, -0.01, 0.04, False, False, False, False, False, False, False, False, False, 1668800220.011506, 394.11, 394.11, 394.11, 394.11, 394.11, 394.12, 394.0, 394.03, 611, 51, 99819.63999999998, 20099.61, 79720.02999999998
1668800280.011506, 394.22, 394.24, 394.27, 394.17, -0.02, 0.03, False, False, False, False, False, False, False, False, False, 1668800220.011506, 394.05, 394.05, 394.05, 394.05, 394.05, 394.11, 393.98, 394.06, 586, 0, 99818.63999999998, 0.0, 99818.63999999998
1668800340.011506, 394.23, 394.25, 394.27, 394.18, -0.01, 0.02, False, False, False, False, False, False, False, False, False, 1668800220.011506, 394.06, 394.06, 394.06, 394.06, 394.06, 394.32, 394.01, 394.29, 896, 0, 99818.63999999998, 0.0, 99818.63999999998
1668800400.011506, 394.26, 394.26, 394.28, 394.24, -0.01, 0.02, False, False, False, False, False, False, False, False, False, 1668800220.011506, 394.28, 394.28, 394.28, 394.28, 394.28, 394.32, 394.18, 394.27, 568, 0, 99818.63999999998, 0.0, 99818.63999999998
1668800460.011506, 394.28, 394.28, 394.29, 394.28, 0.01, 0.02, False, False, False, False, False, False, False, False, False, 1668800220.011506, 394.28, 394.28, 394.28, 394.28, 394.28, 394.41, 394.17, 394.4, 423, 0, 99818.63999999998, 0.0, 99818.63999999998
1668800520.011506, 394.33, 394.31, 394.3, 394.34, 0.03, 0.02, False, False, False, False, False, False, False, False, False, 1668800220.011506, 394.4, 394.4, 394.4, 394.4, 394.4, 394.53, 394.34, 394.47, 766, 0, 99818.63999999998, 0.0, 99818.63999999998
1668800580.011506, 394.33, 394.31, 394.3, 394.35, 0.02, 0.02, False, False, False, False, False, False, False, False, False, 1668800220.011506, 394.48, 394.48, 394.48, 394.48, 394.48, 394.49, 394.23, 394.27, 564, 0, 99818.63999999998, 0.0, 99818.63999999998
1668800640.011506, 394.29, 394.3, 394.29, 394.29, 0.01, 0.02, False, False, False, False, False, False, False, False, False, 1668800220.011506, 394.27, 394.27, 394.27, 394.27, 394.27, 394.31, 394.2, 394.25, 383, 0, 99818.63999999998, 0.0, 99818.63999999998
1668800700.011506, 394.28, 394.28, 394.29, 394.26, 0.0, 0.02, False, False, False, False, False, False, False, False, False, 1668800220.011506, 394.25, 394.25, 394.25, 394.25, 394.25, 394.29, 394.11, 394.17, 741, 0, 99818.63999999998, 0.0, 99818.63999999998
1668800760.011506, 394.27, 394.28, 394.28, 394.23, 0.0, 0.01, False, False, False, False, False, False, False, False, False, 1668800220.011506, 394.16, 394.16, 394.16, 394.16, 394.16, 394.3, 394.16, 394.22, 579, 0, 99818.63999999998, 0.0, 99818.63999999998
1668800820.011506, 394.28, 394.29, 394.28, 394.25, 0.01, 0.01, False, False, False, False, False, False, False, False, False, 1668800220.011506, 394.23, 394.23, 394.23, 394.23, 394.23, 394.35, 394.16, 394.33, 430, 0, 99818.63999999998, 0.0, 99818.63999999998
1668800880.011506, 394.28, 394.27, 394.28, 394.24, 0.0, 0.01, False, False, False, False, False, False, False, False, False, 1668800220.011506, 394.35, 394.35, 394.35, 394.35, 394.35, 394.41, 394.11, 394.12, 504, 0, 99818.63999999998, 0.0, 99818.63999999998
1668800940.011506, 394.24, 394.26, 394.26, 394.18, -0.02, 0.0, False, False, False, False, False, False, False, False, False, 1668800220.011506, 394.11, 394.11, 394.11, 394.11, 394.11, 394.23, 394.06, 394.16, 790, 0, 99818.63999999998, 0.0, 99818.63999999998
1668801000.011506, 394.23, 394.24, 394.26, 394.19, -0.03, -0.0, False, False, False, False, False, False, False, False, False, 1668800220.011506, 394.18, 394.18, 394.18, 394.18, 394.18, 394.28, 394.17, 394.17, 379, 0, 99818.63999999998, 0.0, 99818.63999999998
1668801060.011506, 394.24, 394.26, 394.26, 394.22, -0.02, -0.01, False, False, False, False, False, False, False, False, False, 1668800220.011506, 394.17, 394.17, 394.17, 394.17, 394.17, 394.36, 394.14, 394.36, 540, 0, 99818.63999999998, 0.0, 99818.63999999998
1668801120.011506, 394.26, 394.25, 394.27, 394.27, -0.03, -0.01, False, False, False, False, False, False, False, False, False, 1668800220.011506, 394.36, 394.36, 394.36, 394.36, 394.36, 394.49, 394.24, 394.25, 857, 0, 99818.63999999998, 0.0, 99818.63999999998
1668801180.011506, 394.27, 394.28, 394.27, 394.29, -0.01, -0.01, False, False, False, False, False, False, False, False, False, 1668800220.011506, 394.25, 394.25, 394.25, 394.25, 394.25, 394.47, 394.24, 394.47, 591, 0, 99818.63999999998, 0.0, 99818.63999999998
1668801240.011506, 394.31, 394.28, 394.28, 394.36, 0.0, -0.01, False, False, True, False, False, True, False, False, False, 1668800220.011506, 394.47, 394.47, 394.47, 394.47, 394.47, 394.49, 394.32, 394.36, 338, 0, 99818.63999999998, 0.0, 99818.63999999998
1668801300.011506, 394.33, 394.33, 394.29, 394.38, 0.02, -0.0, False, False, True, False, False, True, False, False, False, 1668800220.011506, 394.38, 394.38, 394.38, 394.38, 394.38, 394.58, 394.37, 394.57, 752, 51, 99813.04999999999, 20113.38, 79699.66999999998
1668801360.011506, 394.39, 394.36, 394.31, 394.46, 0.04, 0.01, False, False, True, False, False, True, False, False, False, 1668800220.011506, 394.57, 394.57, 394.57, 394.57, 394.57, 394.63, 394.49, 394.58, 665, 51, 99822.73999999999, 20123.07, 79699.66999999998
1668801420.011506, 394.42, 394.4, 394.32, 394.48, 0.05, 0.02, False, False, True, False, False, True, False, False, False, 1668800220.011506, 394.57, 394.57, 394.57, 394.57, 394.57, 394.65, 394.52, 394.6, 686, 51, 99822.73999999999, 20123.07, 79699.66999999998
1668801480.011506, 394.44, 394.42, 394.33, 394.5, 0.05, 0.02, False, False, True, False, False, True, False, False, False, 1668800220.011506, 394.59, 394.59, 394.59, 394.59, 394.59, 394.63, 394.48, 394.56, 614, 51, 99823.75999999998, 20124.09, 79699.66999999998
1668801540.011506, 394.47, 394.46, 394.35, 394.52, 0.08, 0.03, False, False, True, False, False, True, False, False, False, 1668800220.011506, 394.56, 394.56, 394.56, 394.56, 394.56, 394.82, 394.56, 394.7, 890, 51, 99822.22999999998, 20122.56, 79699.66999999998
1668801600.011506, 394.56, 394.53, 394.38, 394.64, 0.11, 0.05, False, False, True, False, False, True, False, False, False, 1668800220.011506, 394.71, 394.71, 394.71, 394.71, 394.71, 394.98, 394.64, 394.97, 1844, 51, 99829.87999999998, 20130.21, 79699.66999999998
1668801660.011506, 394.65, 394.6, 394.41, 394.74, 0.14, 0.07, False, False, True, False, False, True, False, False, False, 1668800220.011506, 394.95, 394.95, 394.95, 394.95, 394.95, 394.99, 394.79, 394.97, 1284, 51, 99842.11999999998, 20142.45, 79699.66999999998
1668801720.011506, 394.74, 394.7, 394.44, 394.85, 0.18, 0.09, False, False, True, False, False, True, False, False, False, 1668800220.011506, 394.94, 394.94, 394.94, 394.94, 394.94, 395.36, 394.93, 395.33, 2957, 51, 99841.60999999999, 20141.94, 79699.66999999998
1668801780.011506, 394.86, 394.78, 394.49, 395.0, 0.2, 0.11, False, False, True, False, False, True, False, False, False, 1668800220.011506, 395.33, 395.33, 395.33, 395.33, 395.33, 395.41, 395.18, 395.22, 1913, 51, 99861.49999999999, 20161.829999999998, 79699.66999999998
1668801840.011506, 394.9, 394.85, 394.51, 395.04, 0.22, 0.13, False, False, True, False, False, True, False, False, False, 1668800220.011506, 395.23, 395.23, 395.23, 395.23, 395.23, 395.37, 395.22, 395.25, 1029, 51, 99856.39999999998, 20156.73, 79699.66999999998
1668801900.011506, 394.98, 394.93, 394.55, 395.12, 0.25, 0.15, False, False, True, False, False, True, False, False, False, 1668800220.011506, 395.25, 395.25, 395.25, 395.25, 395.25, 395.52, 395.25, 395.46, 1714, 51, 99857.41999999998, 20157.75, 79699.66999999998
1668801960.011506, 395.08, 395.02, 394.6, 395.25, 0.27, 0.18, False, False, True, False, False, True, False, False, False, 1668800220.011506, 395.49, 395.49, 395.49, 395.49, 395.49, 395.59, 395.42, 395.58, 1437, 51, 99869.65999999999, 20169.99, 79699.66999999998
1668802020.011506, 395.13, 395.06, 394.63, 395.3, 0.27, 0.19, False, False, True, False, False, True, False, False, False, 1668800220.011506, 395.59, 395.59, 395.59, 395.59, 395.59, 395.6, 395.33, 395.33, 1605, 51, 99874.75999999998, 20175.09, 79699.66999999998
1668802080.011506, 395.12, 395.09, 394.64, 395.24, 0.26, 0.21, False, False, True, False, False, True, False, False, False, 1668800220.011506, 395.35, 395.35, 395.35, 395.35, 395.35, 395.36, 395.22, 395.28, 1261, 51, 99862.51999999999, 20162.850000000002, 79699.66999999998
1668802140.011506, 395.17, 395.15, 394.67, 395.28, 0.28, 0.22, False, False, True, False, False, True, False, False, False, 1668800220.011506, 395.28, 395.28, 395.28, 395.28, 395.28, 395.56, 395.28, 395.55, 1239, 51, 99858.94999999998, 20159.28, 79699.66999999998
1668802200.011506, 395.25, 395.21, 394.72, 395.39, 0.28, 0.23, False, False, True, False, False, True, False, False, False, 1668800220.011506, 395.55, 395.55, 395.55, 395.55, 395.55, 395.66, 395.54, 395.57, 1477, 51, 99872.71999999999, 20173.05, 79699.66999999998
1668802260.011506, 395.28, 395.24, 394.75, 395.4, 0.27, 0.24, False, False, True, False, False, True, False, False, False, 1668800220.011506, 395.58, 395.58, 395.58, 395.58, 395.58, 395.61, 395.42, 395.45, 941, 51, 99874.24999999999, 20174.579999999998, 79699.66999999998
1668802320.011506, 395.29, 395.27, 394.77, 395.4, 0.27, 0.24, False, False, True, False, False, True, False, False, False, 1668800220.011506, 395.44, 395.44, 395.44, 395.44, 395.44, 395.71, 395.44, 395.52, 934, 51, 99867.10999999999, 20167.44, 79699.66999999998
1668802380.011506, 395.33, 395.31, 394.81, 395.46, 0.26, 0.24, False, False, True, False, False, True, False, False, False, 1668800220.011506, 395.52, 395.52, 395.52, 395.52, 395.52, 395.66, 395.51, 395.6, 1414, 51, 99871.18999999999, 20171.52, 79699.66999999998
1668802440.011506, 395.35, 395.32, 394.83, 395.48, 0.24, 0.24, False, False, True, False, False, True, False, False, False, 1668800220.011506, 395.6, 395.6, 395.6, 395.6, 395.6, 395.6, 395.39, 395.4, 1316, 51, 99875.26999999999, 20175.600000000002, 79699.66999999998
1668802500.011506, 395.32, 395.3, 394.84, 395.4, 0.21, 0.24, False, False, True, False, False, True, False, False, False, 1668800220.011506, 395.41, 395.41, 395.41, 395.41, 395.41, 395.47, 395.23, 395.25, 1315, 51, 99865.57999999999, 20165.91, 79699.66999999998
1668802560.011506, 395.26, 395.27, 394.84, 395.31, 0.18, 0.23, False, False, True, False, False, True, True, True, False, 1668802560.011506, 395.25, 395.25, 395.25, 395.25, 395.25, 395.35, 395.08, 395.08, 1277, 51, 99857.41999999998, 20157.75, 79699.66999999998
1668802620.011506, 395.23, 395.26, 394.85, 395.26, 0.16, 0.21, False, False, True, False, False, True, True, True, False, 1668802560.011506, 395.09, 395.09, 395.09, 395.09, 395.09, 395.24, 395.07, 395.22, 1005, 51, 99849.25999999998, 20149.59, 79699.66999999998
1668802680.011506, 395.24, 395.24, 394.87, 395.26, 0.14, 0.2, False, False, True, False, False, True, True, False, False, 1668802560.011506, 395.21, 395.21, 395.21, 395.21, 395.21, 395.24, 395.08, 395.15, 618, 51, 99855.37999999998, 20155.71, 79699.66999999998
1668802740.011506, 395.24, 395.25, 394.89, 395.25, 0.14, 0.19, False, False, True, False, False, True, True, True, False, 1668802740.011506, 395.16, 395.16, 395.16, 395.16, 395.16, 395.29, 395.11, 395.28, 823, 51, 99852.82999999999, 20153.16, 79699.66999999998
1668802800.011506, 395.23, 395.23, 394.9, 395.25, 0.12, 0.18, False, False, True, False, False, True, True, True, False, 1668802740.011506, 395.28, 395.28, 395.28, 395.28, 395.28, 395.29, 394.98, 395.09, 1269, 51, 99858.94999999998, 20159.28, 79699.66999999998
1668802860.011506, 395.17, 395.18, 394.9, 395.16, 0.09, 0.16, False, False, True, False, False, True, True, False, False, 1668802740.011506, 395.08, 395.08, 395.08, 395.08, 395.08, 395.11, 394.82, 394.94, 1238, 51, 99848.74999999999, 20149.079999999998, 79699.66999999998
1668802920.011506, 395.11, 395.13, 394.89, 395.08, 0.06, 0.14, False, False, True, False, False, True, True, True, False, 1668802920.011506, 394.94, 394.94, 394.94, 394.94, 394.94, 394.98, 394.8, 394.83, 1839, 51, 99841.60999999999, 20141.94, 79699.66999999998
1668802980.011506, 395.08, 395.12, 394.89, 395.04, 0.05, 0.12, False, False, True, False, False, True, True, True, False, 1668802920.011506, 394.84, 394.84, 394.84, 394.84, 394.84, 395.04, 394.82, 395.01, 2272, 51, 99836.50999999998, 20136.84, 79699.66999999998
1668803040.011506, 395.11, 395.12, 394.91, 395.08, 0.05, 0.11, False, False, True, False, False, True, True, False, False, 1668802920.011506, 395.02, 395.02, 395.02, 395.02, 395.02, 395.13, 394.99, 395.09, 1337, 51, 99845.68999999999, 20146.02, 79699.66999999998
1668803100.011506, 395.14, 395.15, 394.93, 395.13, 0.07, 0.1, False, False, True, False, False, True, True, True, False, 1668803100.011506, 395.09, 395.09, 395.09, 395.09, 395.09, 395.3, 395.02, 395.28, 1690, 51, 99849.25999999998, 20149.59, 79699.66999999998
1668803160.011506, 395.23, 395.21, 394.96, 395.24, 0.1, 0.11, False, False, True, False, False, True, True, True, False, 1668803100.011506, 395.29, 395.29, 395.29, 395.29, 395.29, 395.54, 395.25, 395.52, 2052, 51, 99859.45999999999, 20159.79, 79699.66999999998
1668803220.011506, 395.32, 395.28, 395.0, 395.37, 0.15, 0.12, False, False, True, False, False, True, True, False, False, 1668803100.011506, 395.51, 395.51, 395.51, 395.51, 395.51, 395.68, 395.45, 395.65, 1522, 51, 99870.67999999998, 20171.01, 79699.66999999998
1668803280.011506, 395.39, 395.35, 395.03, 395.47, 0.18, 0.13, False, False, True, False, False, True, True, True, False, 1668803280.011506, 395.64, 395.64, 395.64, 395.64, 395.64, 395.77, 395.56, 395.73, 2712, 51, 99877.30999999998, 20177.64, 79699.66999999998
1668803340.011506, 395.48, 395.43, 395.08, 395.57, 0.22, 0.15, False, False, True, False, False, True, True, True, False, 1668803280.011506, 395.73, 395.73, 395.73, 395.73, 395.73, 395.91, 395.67, 395.9, 1459, 51, 99881.89999999998, 20182.23, 79699.66999999998
1668803400.011506, 395.54, 395.48, 395.11, 395.64, 0.22, 0.16, False, False, True, False, False, True, True, False, False, 1668803280.011506, 395.9, 395.9, 395.9, 395.9, 395.9, 396.04, 395.68, 395.74, 2571, 51, 99890.56999999998, 20190.899999999998, 79699.66999999998
1668803400.011506, 395.54, 395.48, 395.11, 395.64, 0.22, 0.16, False, False, False, False, False, False, False, False, False, 1668803400.011506, 395.9, 395.9, 395.9, 395.9, 395.9, 396.04, 395.68, 395.74, 2571, 51, 99890.56999999998, 20190.899999999998, 79699.66999999998
